-- MySQL dump 10.13  Distrib 8.0.43, for Win64 (x86_64)
--
-- Host: localhost    Database: hr_management_db
-- ------------------------------------------------------
-- Server version	8.0.43

/*!40101 SET @OLD_CHARACTER_SET_CLIENT=@@CHARACTER_SET_CLIENT */;
/*!40101 SET @OLD_CHARACTER_SET_RESULTS=@@CHARACTER_SET_RESULTS */;
/*!40101 SET @OLD_COLLATION_CONNECTION=@@COLLATION_CONNECTION */;
/*!50503 SET NAMES utf8mb4 */;
/*!40103 SET @OLD_TIME_ZONE=@@TIME_ZONE */;
/*!40103 SET TIME_ZONE='+00:00' */;
/*!40014 SET @OLD_UNIQUE_CHECKS=@@UNIQUE_CHECKS, UNIQUE_CHECKS=0 */;
/*!40014 SET @OLD_FOREIGN_KEY_CHECKS=@@FOREIGN_KEY_CHECKS, FOREIGN_KEY_CHECKS=0 */;
/*!40101 SET @OLD_SQL_MODE=@@SQL_MODE, SQL_MODE='NO_AUTO_VALUE_ON_ZERO' */;
/*!40111 SET @OLD_SQL_NOTES=@@SQL_NOTES, SQL_NOTES=0 */;

--
-- Table structure for table `allowance_types`
--

DROP TABLE IF EXISTS `allowance_types`;
/*!40101 SET @saved_cs_client     = @@character_set_client */;
/*!50503 SET character_set_client = utf8mb4 */;
CREATE TABLE `allowance_types` (
  `id` bigint NOT NULL AUTO_INCREMENT,
  `name` varchar(100) NOT NULL,
  `description` longtext NOT NULL,
  `is_taxable` tinyint(1) NOT NULL,
  `created_at` datetime(6) NOT NULL,
  `updated_at` datetime(6) NOT NULL,
  PRIMARY KEY (`id`),
  UNIQUE KEY `name` (`name`)
) ENGINE=InnoDB DEFAULT CHARSET=utf8mb4 COLLATE=utf8mb4_0900_ai_ci;
/*!40101 SET character_set_client = @saved_cs_client */;

--
-- Dumping data for table `allowance_types`
--

LOCK TABLES `allowance_types` WRITE;
/*!40000 ALTER TABLE `allowance_types` DISABLE KEYS */;
/*!40000 ALTER TABLE `allowance_types` ENABLE KEYS */;
UNLOCK TABLES;

--
-- Table structure for table `applications`
--

DROP TABLE IF EXISTS `applications`;
/*!40101 SET @saved_cs_client     = @@character_set_client */;
/*!50503 SET character_set_client = utf8mb4 */;
CREATE TABLE `applications` (
  `id` bigint NOT NULL AUTO_INCREMENT,
  `status` varchar(30) NOT NULL,
  `expected_salary` decimal(10,2) DEFAULT NULL,
  `available_from` date DEFAULT NULL,
  `notes` longtext NOT NULL,
  `created_at` datetime(6) NOT NULL,
  `updated_at` datetime(6) NOT NULL,
  `candidate_id` bigint NOT NULL,
  `job_posting_id` bigint NOT NULL,
  PRIMARY KEY (`id`),
  UNIQUE KEY `applications_job_posting_id_candidate_id_b87f69b5_uniq` (`job_posting_id`,`candidate_id`),
  KEY `applications_candidate_id_f90db3c6_fk_candidates_id` (`candidate_id`),
  CONSTRAINT `applications_candidate_id_f90db3c6_fk_candidates_id` FOREIGN KEY (`candidate_id`) REFERENCES `candidates` (`id`),
  CONSTRAINT `applications_job_posting_id_1eac8697_fk_job_postings_id` FOREIGN KEY (`job_posting_id`) REFERENCES `job_postings` (`id`)
) ENGINE=InnoDB DEFAULT CHARSET=utf8mb4 COLLATE=utf8mb4_0900_ai_ci;
/*!40101 SET character_set_client = @saved_cs_client */;

--
-- Dumping data for table `applications`
--

LOCK TABLES `applications` WRITE;
/*!40000 ALTER TABLE `applications` DISABLE KEYS */;
/*!40000 ALTER TABLE `applications` ENABLE KEYS */;
UNLOCK TABLES;

--
-- Table structure for table `attendance_records`
--

DROP TABLE IF EXISTS `attendance_records`;
/*!40101 SET @saved_cs_client     = @@character_set_client */;
/*!50503 SET character_set_client = utf8mb4 */;
CREATE TABLE `attendance_records` (
  `id` bigint NOT NULL AUTO_INCREMENT,
  `date` date NOT NULL,
  `check_in` time(6) DEFAULT NULL,
  `check_out` time(6) DEFAULT NULL,
  `status` varchar(20) NOT NULL,
  `hours_worked` decimal(5,2) DEFAULT NULL,
  `overtime_hours` decimal(5,2) NOT NULL,
  `notes` longtext NOT NULL,
  `created_at` datetime(6) NOT NULL,
  `updated_at` datetime(6) NOT NULL,
  `employee_id` bigint NOT NULL,
  PRIMARY KEY (`id`),
  UNIQUE KEY `attendance_records_employee_id_date_70016c73_uniq` (`employee_id`,`date`),
  CONSTRAINT `attendance_records_employee_id_4084fb3e_fk_employees_id` FOREIGN KEY (`employee_id`) REFERENCES `employees` (`id`)
) ENGINE=InnoDB AUTO_INCREMENT=421 DEFAULT CHARSET=utf8mb4 COLLATE=utf8mb4_0900_ai_ci;
/*!40101 SET character_set_client = @saved_cs_client */;

--
-- Dumping data for table `attendance_records`
--

LOCK TABLES `attendance_records` WRITE;
/*!40000 ALTER TABLE `attendance_records` DISABLE KEYS */;
INSERT INTO `attendance_records` VALUES (1,'2025-10-13','09:00:00.000000','18:00:00.000000','PRESENT',9.00,1.00,'','2025-10-13 09:10:12.579600','2025-10-13 09:10:12.579636',1),(2,'2025-10-10','09:00:00.000000','18:00:00.000000','PRESENT',9.00,1.00,'','2025-10-13 09:10:12.591586','2025-10-13 09:10:12.591603',1),(3,'2025-10-09','09:00:00.000000','18:00:00.000000','PRESENT',9.00,1.00,'','2025-10-13 09:10:12.596689','2025-10-13 09:10:12.596718',1),(4,'2025-10-08','09:00:00.000000','18:00:00.000000','PRESENT',9.00,1.00,'','2025-10-13 09:10:12.600644','2025-10-13 09:10:12.600660',1),(5,'2025-10-07','09:00:00.000000','18:00:00.000000','PRESENT',9.00,1.00,'','2025-10-13 09:10:12.604598','2025-10-13 09:10:12.604614',1),(6,'2025-10-06','09:00:00.000000','18:00:00.000000','PRESENT',9.00,1.00,'','2025-10-13 09:10:12.608472','2025-10-13 09:10:12.608487',1),(7,'2025-10-03','09:00:00.000000','18:00:00.000000','PRESENT',9.00,1.00,'','2025-10-13 09:10:12.612354','2025-10-13 09:10:12.612371',1),(8,'2025-10-02','09:00:00.000000','18:00:00.000000','PRESENT',9.00,1.00,'','2025-10-13 09:10:12.616516','2025-10-13 09:10:12.616534',1),(9,'2025-10-01','09:00:00.000000','18:00:00.000000','PRESENT',9.00,1.00,'','2025-10-13 09:10:12.620436','2025-10-13 09:10:12.620454',1),(10,'2025-09-30','09:00:00.000000','18:00:00.000000','PRESENT',9.00,1.00,'','2025-10-13 09:10:12.624463','2025-10-13 09:10:12.624480',1),(11,'2025-09-29','09:00:00.000000','18:00:00.000000','PRESENT',9.00,1.00,'','2025-10-13 09:10:12.628517','2025-10-13 09:10:12.628535',1),(12,'2025-09-26','09:00:00.000000','18:00:00.000000','PRESENT',9.00,1.00,'','2025-10-13 09:10:12.632540','2025-10-13 09:10:12.632557',1),(13,'2025-09-25','09:00:00.000000','18:00:00.000000','PRESENT',9.00,1.00,'','2025-10-13 09:10:12.635947','2025-10-13 09:10:12.635965',1),(14,'2025-09-24','09:00:00.000000','18:00:00.000000','PRESENT',9.00,1.00,'','2025-10-13 09:10:12.639865','2025-10-13 09:10:12.639881',1),(15,'2025-09-23','09:00:00.000000','18:00:00.000000','PRESENT',9.00,1.00,'','2025-10-13 09:10:12.643746','2025-10-13 09:10:12.643762',1),(16,'2025-09-22','09:00:00.000000','18:00:00.000000','PRESENT',9.00,1.00,'','2025-10-13 09:10:12.647848','2025-10-13 09:10:12.647866',1),(17,'2025-09-19','09:00:00.000000','18:00:00.000000','PRESENT',9.00,1.00,'','2025-10-13 09:10:12.651886','2025-10-13 09:10:12.651902',1),(18,'2025-09-18','09:00:00.000000','18:00:00.000000','PRESENT',9.00,1.00,'','2025-10-13 09:10:12.656661','2025-10-13 09:10:12.656695',1),(19,'2025-09-17','09:00:00.000000','18:00:00.000000','PRESENT',9.00,1.00,'','2025-10-13 09:10:12.661760','2025-10-13 09:10:12.661776',1),(20,'2025-09-16','09:00:00.000000','18:00:00.000000','PRESENT',9.00,1.00,'','2025-10-13 09:10:12.666225','2025-10-13 09:10:12.666243',1),(21,'2025-09-15','09:00:00.000000','18:00:00.000000','PRESENT',9.00,1.00,'','2025-10-13 09:10:12.670308','2025-10-13 09:10:12.670324',1),(22,'2025-10-13','09:00:00.000000','18:00:00.000000','PRESENT',9.00,1.00,'','2025-10-13 09:10:12.674436','2025-10-13 09:10:12.674452',2),(23,'2025-10-10','09:00:00.000000','18:00:00.000000','PRESENT',9.00,1.00,'','2025-10-13 09:10:12.678007','2025-10-13 09:10:12.678025',2),(24,'2025-10-09','09:00:00.000000','18:00:00.000000','PRESENT',9.00,1.00,'','2025-10-13 09:10:12.681941','2025-10-13 09:10:12.681959',2),(25,'2025-10-08','09:00:00.000000','18:00:00.000000','PRESENT',9.00,1.00,'','2025-10-13 09:10:12.686900','2025-10-13 09:10:12.686928',2),(26,'2025-10-07','09:00:00.000000','18:00:00.000000','PRESENT',9.00,1.00,'','2025-10-13 09:10:12.690729','2025-10-13 09:10:12.690746',2),(27,'2025-10-06','09:00:00.000000','18:00:00.000000','PRESENT',9.00,1.00,'','2025-10-13 09:10:12.694855','2025-10-13 09:10:12.694871',2),(28,'2025-10-03','09:00:00.000000','18:00:00.000000','PRESENT',9.00,1.00,'','2025-10-13 09:10:12.699052','2025-10-13 09:10:12.699071',2),(29,'2025-10-02','09:00:00.000000','18:00:00.000000','PRESENT',9.00,1.00,'','2025-10-13 09:10:12.703121','2025-10-13 09:10:12.703138',2),(30,'2025-10-01','09:00:00.000000','18:00:00.000000','PRESENT',9.00,1.00,'','2025-10-13 09:10:12.707158','2025-10-13 09:10:12.707174',2),(31,'2025-09-30','09:00:00.000000','18:00:00.000000','PRESENT',9.00,1.00,'','2025-10-13 09:10:12.711237','2025-10-13 09:10:12.711252',2),(32,'2025-09-29','09:00:00.000000','18:00:00.000000','PRESENT',9.00,1.00,'','2025-10-13 09:10:12.715513','2025-10-13 09:10:12.715528',2),(33,'2025-09-26','09:00:00.000000','18:00:00.000000','PRESENT',9.00,1.00,'','2025-10-13 09:10:12.719669','2025-10-13 09:10:12.719686',2),(34,'2025-09-25','09:00:00.000000','18:00:00.000000','PRESENT',9.00,1.00,'','2025-10-13 09:10:12.723448','2025-10-13 09:10:12.723464',2),(35,'2025-09-24','09:00:00.000000','18:00:00.000000','PRESENT',9.00,1.00,'','2025-10-13 09:10:12.727464','2025-10-13 09:10:12.727481',2),(36,'2025-09-23','09:00:00.000000','18:00:00.000000','PRESENT',9.00,1.00,'','2025-10-13 09:10:12.731540','2025-10-13 09:10:12.731557',2),(37,'2025-09-22','09:00:00.000000','18:00:00.000000','PRESENT',9.00,1.00,'','2025-10-13 09:10:12.735598','2025-10-13 09:10:12.735613',2),(38,'2025-09-19','09:00:00.000000','18:00:00.000000','PRESENT',9.00,1.00,'','2025-10-13 09:10:12.739637','2025-10-13 09:10:12.739658',2),(39,'2025-09-18','09:00:00.000000','18:00:00.000000','PRESENT',9.00,1.00,'','2025-10-13 09:10:12.743417','2025-10-13 09:10:12.743433',2),(40,'2025-09-17','09:00:00.000000','18:00:00.000000','PRESENT',9.00,1.00,'','2025-10-13 09:10:12.747509','2025-10-13 09:10:12.747524',2),(41,'2025-09-16','09:00:00.000000','18:00:00.000000','PRESENT',9.00,1.00,'','2025-10-13 09:10:12.751759','2025-10-13 09:10:12.751777',2),(42,'2025-09-15','09:00:00.000000','18:00:00.000000','PRESENT',9.00,1.00,'','2025-10-13 09:10:12.755773','2025-10-13 09:10:12.755790',2),(43,'2025-10-13','09:00:00.000000','18:00:00.000000','PRESENT',9.00,1.00,'','2025-10-13 09:10:12.759788','2025-10-13 09:10:12.759806',3),(44,'2025-10-10','09:00:00.000000','18:00:00.000000','PRESENT',9.00,1.00,'','2025-10-13 09:10:12.763635','2025-10-13 09:10:12.763653',3),(45,'2025-10-09','09:00:00.000000','18:00:00.000000','PRESENT',9.00,1.00,'','2025-10-13 09:10:12.767653','2025-10-13 09:10:12.767671',3),(46,'2025-10-08','09:00:00.000000','18:00:00.000000','PRESENT',9.00,1.00,'','2025-10-13 09:10:12.771591','2025-10-13 09:10:12.771609',3),(47,'2025-10-07','09:00:00.000000','18:00:00.000000','PRESENT',9.00,1.00,'','2025-10-13 09:10:12.775582','2025-10-13 09:10:12.775599',3),(48,'2025-10-06','09:00:00.000000','18:00:00.000000','PRESENT',9.00,1.00,'','2025-10-13 09:10:12.779526','2025-10-13 09:10:12.779543',3),(49,'2025-10-03','09:00:00.000000','18:00:00.000000','PRESENT',9.00,1.00,'','2025-10-13 09:10:12.783377','2025-10-13 09:10:12.783393',3),(50,'2025-10-02','09:00:00.000000','18:00:00.000000','PRESENT',9.00,1.00,'','2025-10-13 09:10:12.787318','2025-10-13 09:10:12.787333',3),(51,'2025-10-01','09:00:00.000000','18:00:00.000000','PRESENT',9.00,1.00,'','2025-10-13 09:10:12.791271','2025-10-13 09:10:12.791290',3),(52,'2025-09-30','09:00:00.000000','18:00:00.000000','PRESENT',9.00,1.00,'','2025-10-13 09:10:12.795467','2025-10-13 09:10:12.795496',3),(53,'2025-09-29','09:00:00.000000','18:00:00.000000','PRESENT',9.00,1.00,'','2025-10-13 09:10:12.799750','2025-10-13 09:10:12.799766',3),(54,'2025-09-26','09:00:00.000000','18:00:00.000000','PRESENT',9.00,1.00,'','2025-10-13 09:10:12.803496','2025-10-13 09:10:12.803512',3),(55,'2025-09-25','09:00:00.000000','18:00:00.000000','PRESENT',9.00,1.00,'','2025-10-13 09:10:12.807329','2025-10-13 09:10:12.807345',3),(56,'2025-09-24','09:00:00.000000','18:00:00.000000','PRESENT',9.00,1.00,'','2025-10-13 09:10:12.811505','2025-10-13 09:10:12.811533',3),(57,'2025-09-23','09:00:00.000000','18:00:00.000000','PRESENT',9.00,1.00,'','2025-10-13 09:10:12.816701','2025-10-13 09:10:12.816736',3),(58,'2025-09-22','09:00:00.000000','18:00:00.000000','PRESENT',9.00,1.00,'','2025-10-13 09:10:12.821689','2025-10-13 09:10:12.821715',3),(59,'2025-09-19','09:00:00.000000','18:00:00.000000','PRESENT',9.00,1.00,'','2025-10-13 09:10:12.825927','2025-10-13 09:10:12.825943',3),(60,'2025-09-18','09:00:00.000000','18:00:00.000000','PRESENT',9.00,1.00,'','2025-10-13 09:10:12.829932','2025-10-13 09:10:12.829950',3),(61,'2025-09-17','09:00:00.000000','18:00:00.000000','PRESENT',9.00,1.00,'','2025-10-13 09:10:12.834051','2025-10-13 09:10:12.834070',3),(62,'2025-09-16','09:00:00.000000','18:00:00.000000','PRESENT',9.00,1.00,'','2025-10-13 09:10:12.838059','2025-10-13 09:10:12.838076',3),(63,'2025-09-15','09:00:00.000000','18:00:00.000000','PRESENT',9.00,1.00,'','2025-10-13 09:10:12.842672','2025-10-13 09:10:12.842707',3),(64,'2025-10-13','09:00:00.000000','18:00:00.000000','PRESENT',9.00,1.00,'','2025-10-13 09:10:12.848358','2025-10-13 09:10:12.848385',4),(65,'2025-10-10','09:00:00.000000','18:00:00.000000','PRESENT',9.00,1.00,'','2025-10-13 09:10:12.852399','2025-10-13 09:10:12.852414',4),(66,'2025-10-09','09:00:00.000000','18:00:00.000000','PRESENT',9.00,1.00,'','2025-10-13 09:10:12.856372','2025-10-13 09:10:12.856388',4),(67,'2025-10-08','09:00:00.000000','18:00:00.000000','PRESENT',9.00,1.00,'','2025-10-13 09:10:12.860351','2025-10-13 09:10:12.860367',4),(68,'2025-10-07','09:00:00.000000','18:00:00.000000','PRESENT',9.00,1.00,'','2025-10-13 09:10:12.864302','2025-10-13 09:10:12.864320',4),(69,'2025-10-06','09:00:00.000000','18:00:00.000000','PRESENT',9.00,1.00,'','2025-10-13 09:10:12.868098','2025-10-13 09:10:12.868115',4),(70,'2025-10-03','09:00:00.000000','18:00:00.000000','PRESENT',9.00,1.00,'','2025-10-13 09:10:12.871975','2025-10-13 09:10:12.871991',4),(71,'2025-10-02','09:00:00.000000','18:00:00.000000','PRESENT',9.00,1.00,'','2025-10-13 09:10:12.875909','2025-10-13 09:10:12.875926',4),(72,'2025-10-01','09:00:00.000000','18:00:00.000000','PRESENT',9.00,1.00,'','2025-10-13 09:10:12.879746','2025-10-13 09:10:12.879765',4),(73,'2025-09-30','09:00:00.000000','18:00:00.000000','PRESENT',9.00,1.00,'','2025-10-13 09:10:12.883628','2025-10-13 09:10:12.883644',4),(74,'2025-09-29','09:00:00.000000','18:00:00.000000','PRESENT',9.00,1.00,'','2025-10-13 09:10:12.887410','2025-10-13 09:10:12.887426',4),(75,'2025-09-26','09:00:00.000000','18:00:00.000000','PRESENT',9.00,1.00,'','2025-10-13 09:10:12.891318','2025-10-13 09:10:12.891333',4),(76,'2025-09-25','09:00:00.000000','18:00:00.000000','PRESENT',9.00,1.00,'','2025-10-13 09:10:12.895240','2025-10-13 09:10:12.895256',4),(77,'2025-09-24','09:00:00.000000','18:00:00.000000','PRESENT',9.00,1.00,'','2025-10-13 09:10:12.899072','2025-10-13 09:10:12.899088',4),(78,'2025-09-23','09:00:00.000000','18:00:00.000000','PRESENT',9.00,1.00,'','2025-10-13 09:10:12.903030','2025-10-13 09:10:12.903047',4),(79,'2025-09-22','09:00:00.000000','18:00:00.000000','PRESENT',9.00,1.00,'','2025-10-13 09:10:12.906721','2025-10-13 09:10:12.906738',4),(80,'2025-09-19','09:00:00.000000','18:00:00.000000','PRESENT',9.00,1.00,'','2025-10-13 09:10:12.910533','2025-10-13 09:10:12.910549',4),(81,'2025-09-18','09:00:00.000000','18:00:00.000000','PRESENT',9.00,1.00,'','2025-10-13 09:10:12.914386','2025-10-13 09:10:12.914404',4),(82,'2025-09-17','09:00:00.000000','18:00:00.000000','PRESENT',9.00,1.00,'','2025-10-13 09:10:12.918331','2025-10-13 09:10:12.918347',4),(83,'2025-09-16','09:00:00.000000','18:00:00.000000','PRESENT',9.00,1.00,'','2025-10-13 09:10:12.922519','2025-10-13 09:10:12.922537',4),(84,'2025-09-15','09:00:00.000000','18:00:00.000000','PRESENT',9.00,1.00,'','2025-10-13 09:10:12.926309','2025-10-13 09:10:12.926327',4),(85,'2025-10-13','09:00:00.000000','18:00:00.000000','PRESENT',9.00,1.00,'','2025-10-13 09:10:12.930193','2025-10-13 09:10:12.930211',5),(86,'2025-10-10','09:00:00.000000','18:00:00.000000','PRESENT',9.00,1.00,'','2025-10-13 09:10:12.934140','2025-10-13 09:10:12.934157',5),(87,'2025-10-09','09:00:00.000000','18:00:00.000000','PRESENT',9.00,1.00,'','2025-10-13 09:10:12.937955','2025-10-13 09:10:12.937971',5),(88,'2025-10-08','09:00:00.000000','18:00:00.000000','PRESENT',9.00,1.00,'','2025-10-13 09:10:12.941874','2025-10-13 09:10:12.941905',5),(89,'2025-10-07','09:00:00.000000','18:00:00.000000','PRESENT',9.00,1.00,'','2025-10-13 09:10:12.945899','2025-10-13 09:10:12.945926',5),(90,'2025-10-06','09:00:00.000000','18:00:00.000000','PRESENT',9.00,1.00,'','2025-10-13 09:10:12.949985','2025-10-13 09:10:12.950003',5),(91,'2025-10-03','09:00:00.000000','18:00:00.000000','PRESENT',9.00,1.00,'','2025-10-13 09:10:12.953993','2025-10-13 09:10:12.954010',5),(92,'2025-10-02','09:00:00.000000','18:00:00.000000','PRESENT',9.00,1.00,'','2025-10-13 09:10:12.957876','2025-10-13 09:10:12.957893',5),(93,'2025-10-01','09:00:00.000000','18:00:00.000000','PRESENT',9.00,1.00,'','2025-10-13 09:10:12.961832','2025-10-13 09:10:12.961856',5),(94,'2025-09-30','09:00:00.000000','18:00:00.000000','PRESENT',9.00,1.00,'','2025-10-13 09:10:12.966850','2025-10-13 09:10:12.966867',5),(95,'2025-09-29','09:00:00.000000','18:00:00.000000','PRESENT',9.00,1.00,'','2025-10-13 09:10:12.970804','2025-10-13 09:10:12.970821',5),(96,'2025-09-26','09:00:00.000000','18:00:00.000000','PRESENT',9.00,1.00,'','2025-10-13 09:10:12.974709','2025-10-13 09:10:12.974726',5),(97,'2025-09-25','09:00:00.000000','18:00:00.000000','PRESENT',9.00,1.00,'','2025-10-13 09:10:12.978693','2025-10-13 09:10:12.978711',5),(98,'2025-09-24','09:00:00.000000','18:00:00.000000','PRESENT',9.00,1.00,'','2025-10-13 09:10:12.982872','2025-10-13 09:10:12.982889',5),(99,'2025-09-23','09:00:00.000000','18:00:00.000000','PRESENT',9.00,1.00,'','2025-10-13 09:10:12.986627','2025-10-13 09:10:12.986643',5),(100,'2025-09-22','09:00:00.000000','18:00:00.000000','PRESENT',9.00,1.00,'','2025-10-13 09:10:12.990593','2025-10-13 09:10:12.990611',5),(101,'2025-09-19','09:00:00.000000','18:00:00.000000','PRESENT',9.00,1.00,'','2025-10-13 09:10:12.994518','2025-10-13 09:10:12.994535',5),(102,'2025-09-18','09:00:00.000000','18:00:00.000000','PRESENT',9.00,1.00,'','2025-10-13 09:10:12.998556','2025-10-13 09:10:12.998581',5),(103,'2025-09-17','09:00:00.000000','18:00:00.000000','PRESENT',9.00,1.00,'','2025-10-13 09:10:13.003551','2025-10-13 09:10:13.003568',5),(104,'2025-09-16','09:00:00.000000','18:00:00.000000','PRESENT',9.00,1.00,'','2025-10-13 09:10:13.007383','2025-10-13 09:10:13.007399',5),(105,'2025-09-15','09:00:00.000000','18:00:00.000000','PRESENT',9.00,1.00,'','2025-10-13 09:10:13.011301','2025-10-13 09:10:13.011316',5),(106,'2025-10-13','09:00:00.000000','18:00:00.000000','PRESENT',9.00,1.00,'','2025-10-13 09:10:13.015519','2025-10-13 09:10:13.015536',6),(107,'2025-10-10','09:00:00.000000','18:00:00.000000','PRESENT',9.00,1.00,'','2025-10-13 09:10:13.019507','2025-10-13 09:10:13.019525',6),(108,'2025-10-09','09:00:00.000000','18:00:00.000000','PRESENT',9.00,1.00,'','2025-10-13 09:10:13.023447','2025-10-13 09:10:13.023465',6),(109,'2025-10-08','09:00:00.000000','18:00:00.000000','PRESENT',9.00,1.00,'','2025-10-13 09:10:13.028295','2025-10-13 09:10:13.028313',6),(110,'2025-10-07','09:00:00.000000','18:00:00.000000','PRESENT',9.00,1.00,'','2025-10-13 09:10:13.032209','2025-10-13 09:10:13.032225',6),(111,'2025-10-06','09:00:00.000000','18:00:00.000000','PRESENT',9.00,1.00,'','2025-10-13 09:10:13.038515','2025-10-13 09:10:13.038530',6),(112,'2025-10-03','09:00:00.000000','18:00:00.000000','PRESENT',9.00,1.00,'','2025-10-13 09:10:13.042445','2025-10-13 09:10:13.042466',6),(113,'2025-10-02','09:00:00.000000','18:00:00.000000','PRESENT',9.00,1.00,'','2025-10-13 09:10:13.046383','2025-10-13 09:10:13.046400',6),(114,'2025-10-01','09:00:00.000000','18:00:00.000000','PRESENT',9.00,1.00,'','2025-10-13 09:10:13.050166','2025-10-13 09:10:13.050182',6),(115,'2025-09-30','09:00:00.000000','18:00:00.000000','PRESENT',9.00,1.00,'','2025-10-13 09:10:13.054134','2025-10-13 09:10:13.054150',6),(116,'2025-09-29','09:00:00.000000','18:00:00.000000','PRESENT',9.00,1.00,'','2025-10-13 09:10:13.058157','2025-10-13 09:10:13.058173',6),(117,'2025-09-26','09:00:00.000000','18:00:00.000000','PRESENT',9.00,1.00,'','2025-10-13 09:10:13.062177','2025-10-13 09:10:13.062192',6),(118,'2025-09-25','09:00:00.000000','18:00:00.000000','PRESENT',9.00,1.00,'','2025-10-13 09:10:13.066002','2025-10-13 09:10:13.066018',6),(119,'2025-09-24','09:00:00.000000','18:00:00.000000','PRESENT',9.00,1.00,'','2025-10-13 09:10:13.069715','2025-10-13 09:10:13.069732',6),(120,'2025-09-23','09:00:00.000000','18:00:00.000000','PRESENT',9.00,1.00,'','2025-10-13 09:10:13.074648','2025-10-13 09:10:13.074674',6),(121,'2025-09-22','09:00:00.000000','18:00:00.000000','PRESENT',9.00,1.00,'','2025-10-13 09:10:13.078997','2025-10-13 09:10:13.079015',6),(122,'2025-09-19','09:00:00.000000','18:00:00.000000','PRESENT',9.00,1.00,'','2025-10-13 09:10:13.082918','2025-10-13 09:10:13.082934',6),(123,'2025-09-18','09:00:00.000000','18:00:00.000000','PRESENT',9.00,1.00,'','2025-10-13 09:10:13.086681','2025-10-13 09:10:13.086698',6),(124,'2025-09-17','09:00:00.000000','18:00:00.000000','PRESENT',9.00,1.00,'','2025-10-13 09:10:13.090421','2025-10-13 09:10:13.090437',6),(125,'2025-09-16','09:00:00.000000','18:00:00.000000','PRESENT',9.00,1.00,'','2025-10-13 09:10:13.094362','2025-10-13 09:10:13.094380',6),(126,'2025-09-15','09:00:00.000000','18:00:00.000000','PRESENT',9.00,1.00,'','2025-10-13 09:10:13.098303','2025-10-13 09:10:13.098320',6),(127,'2025-10-13','09:00:00.000000','18:00:00.000000','PRESENT',9.00,1.00,'','2025-10-13 09:10:13.102177','2025-10-13 09:10:13.102192',7),(128,'2025-10-10','09:00:00.000000','18:00:00.000000','PRESENT',9.00,1.00,'','2025-10-13 09:10:13.106003','2025-10-13 09:10:13.106019',7),(129,'2025-10-09','09:00:00.000000','18:00:00.000000','PRESENT',9.00,1.00,'','2025-10-13 09:10:13.110835','2025-10-13 09:10:13.110851',7),(130,'2025-10-08','09:00:00.000000','18:00:00.000000','PRESENT',9.00,1.00,'','2025-10-13 09:10:13.114684','2025-10-13 09:10:13.114700',7),(131,'2025-10-07','09:00:00.000000','18:00:00.000000','PRESENT',9.00,1.00,'','2025-10-13 09:10:13.118597','2025-10-13 09:10:13.118615',7),(132,'2025-10-06','09:00:00.000000','18:00:00.000000','PRESENT',9.00,1.00,'','2025-10-13 09:10:13.122412','2025-10-13 09:10:13.122428',7),(133,'2025-10-03','09:00:00.000000','18:00:00.000000','PRESENT',9.00,1.00,'','2025-10-13 09:10:13.126255','2025-10-13 09:10:13.126273',7),(134,'2025-10-02','09:00:00.000000','18:00:00.000000','PRESENT',9.00,1.00,'','2025-10-13 09:10:13.129925','2025-10-13 09:10:13.129942',7),(135,'2025-10-01','09:00:00.000000','18:00:00.000000','PRESENT',9.00,1.00,'','2025-10-13 09:10:13.133749','2025-10-13 09:10:13.133767',7),(136,'2025-09-30','09:00:00.000000','18:00:00.000000','PRESENT',9.00,1.00,'','2025-10-13 09:10:13.137779','2025-10-13 09:10:13.137809',7),(137,'2025-09-29','09:00:00.000000','18:00:00.000000','PRESENT',9.00,1.00,'','2025-10-13 09:10:13.142091','2025-10-13 09:10:13.142107',7),(138,'2025-09-26','09:00:00.000000','18:00:00.000000','PRESENT',9.00,1.00,'','2025-10-13 09:10:13.146048','2025-10-13 09:10:13.146065',7),(139,'2025-09-25','09:00:00.000000','18:00:00.000000','PRESENT',9.00,1.00,'','2025-10-13 09:10:13.149828','2025-10-13 09:10:13.149845',7),(140,'2025-09-24','09:00:00.000000','18:00:00.000000','PRESENT',9.00,1.00,'','2025-10-13 09:10:13.154586','2025-10-13 09:10:13.154602',7),(141,'2025-09-23','09:00:00.000000','18:00:00.000000','PRESENT',9.00,1.00,'','2025-10-13 09:10:13.159068','2025-10-13 09:10:13.159084',7),(142,'2025-09-22','09:00:00.000000','18:00:00.000000','PRESENT',9.00,1.00,'','2025-10-13 09:10:13.163021','2025-10-13 09:10:13.163038',7),(143,'2025-09-19','09:00:00.000000','18:00:00.000000','PRESENT',9.00,1.00,'','2025-10-13 09:10:13.166912','2025-10-13 09:10:13.166929',7),(144,'2025-09-18','09:00:00.000000','18:00:00.000000','PRESENT',9.00,1.00,'','2025-10-13 09:10:13.170827','2025-10-13 09:10:13.170843',7),(145,'2025-09-17','09:00:00.000000','18:00:00.000000','PRESENT',9.00,1.00,'','2025-10-13 09:10:13.174832','2025-10-13 09:10:13.174850',7),(146,'2025-09-16','09:00:00.000000','18:00:00.000000','PRESENT',9.00,1.00,'','2025-10-13 09:10:13.178732','2025-10-13 09:10:13.178754',7),(147,'2025-09-15','09:00:00.000000','18:00:00.000000','PRESENT',9.00,1.00,'','2025-10-13 09:10:13.183016','2025-10-13 09:10:13.183043',7),(148,'2025-10-13','09:00:00.000000','18:00:00.000000','PRESENT',9.00,1.00,'','2025-10-13 09:10:13.187456','2025-10-13 09:10:13.187472',8),(149,'2025-10-10','09:00:00.000000','18:00:00.000000','PRESENT',9.00,1.00,'','2025-10-13 09:10:13.191351','2025-10-13 09:10:13.191366',8),(150,'2025-10-09','09:00:00.000000','18:00:00.000000','PRESENT',9.00,1.00,'','2025-10-13 09:10:13.195050','2025-10-13 09:10:13.195065',8),(151,'2025-10-08','09:00:00.000000','18:00:00.000000','PRESENT',9.00,1.00,'','2025-10-13 09:10:13.199085','2025-10-13 09:10:13.199115',8),(152,'2025-10-07','09:00:00.000000','18:00:00.000000','PRESENT',9.00,1.00,'','2025-10-13 09:10:13.203611','2025-10-13 09:10:13.203629',8),(153,'2025-10-06','09:00:00.000000','18:00:00.000000','PRESENT',9.00,1.00,'','2025-10-13 09:10:13.207677','2025-10-13 09:10:13.207695',8),(154,'2025-10-03','09:00:00.000000','18:00:00.000000','PRESENT',9.00,1.00,'','2025-10-13 09:10:13.211766','2025-10-13 09:10:13.211783',8),(155,'2025-10-02','09:00:00.000000','18:00:00.000000','PRESENT',9.00,1.00,'','2025-10-13 09:10:13.215719','2025-10-13 09:10:13.215737',8),(156,'2025-10-01','09:00:00.000000','18:00:00.000000','PRESENT',9.00,1.00,'','2025-10-13 09:10:13.221570','2025-10-13 09:10:13.221587',8),(157,'2025-09-30','09:00:00.000000','18:00:00.000000','PRESENT',9.00,1.00,'','2025-10-13 09:10:13.225523','2025-10-13 09:10:13.225540',8),(158,'2025-09-29','09:00:00.000000','18:00:00.000000','PRESENT',9.00,1.00,'','2025-10-13 09:10:13.229506','2025-10-13 09:10:13.229522',8),(159,'2025-09-26','09:00:00.000000','18:00:00.000000','PRESENT',9.00,1.00,'','2025-10-13 09:10:13.233833','2025-10-13 09:10:13.233848',8),(160,'2025-09-25','09:00:00.000000','18:00:00.000000','PRESENT',9.00,1.00,'','2025-10-13 09:10:13.237592','2025-10-13 09:10:13.237608',8),(161,'2025-09-24','09:00:00.000000','18:00:00.000000','PRESENT',9.00,1.00,'','2025-10-13 09:10:13.241467','2025-10-13 09:10:13.241493',8),(162,'2025-09-23','09:00:00.000000','18:00:00.000000','PRESENT',9.00,1.00,'','2025-10-13 09:10:13.245551','2025-10-13 09:10:13.245581',8),(163,'2025-09-22','09:00:00.000000','18:00:00.000000','PRESENT',9.00,1.00,'','2025-10-13 09:10:13.250042','2025-10-13 09:10:13.250057',8),(164,'2025-09-19','09:00:00.000000','18:00:00.000000','PRESENT',9.00,1.00,'','2025-10-13 09:10:13.253948','2025-10-13 09:10:13.253963',8),(165,'2025-09-18','09:00:00.000000','18:00:00.000000','PRESENT',9.00,1.00,'','2025-10-13 09:10:13.257914','2025-10-13 09:10:13.257931',8),(166,'2025-09-17','09:00:00.000000','18:00:00.000000','PRESENT',9.00,1.00,'','2025-10-13 09:10:13.262035','2025-10-13 09:10:13.262053',8),(167,'2025-09-16','09:00:00.000000','18:00:00.000000','PRESENT',9.00,1.00,'','2025-10-13 09:10:13.266411','2025-10-13 09:10:13.266427',8),(168,'2025-09-15','09:00:00.000000','18:00:00.000000','PRESENT',9.00,1.00,'','2025-10-13 09:10:13.270228','2025-10-13 09:10:13.270244',8),(169,'2025-10-13','09:00:00.000000','18:00:00.000000','PRESENT',9.00,1.00,'','2025-10-13 09:10:13.274062','2025-10-13 09:10:13.274078',9),(170,'2025-10-10','09:00:00.000000','18:00:00.000000','PRESENT',9.00,1.00,'','2025-10-13 09:10:13.277787','2025-10-13 09:10:13.277803',9),(171,'2025-10-09','09:00:00.000000','18:00:00.000000','PRESENT',9.00,1.00,'','2025-10-13 09:10:13.281654','2025-10-13 09:10:13.281671',9),(172,'2025-10-08','09:00:00.000000','18:00:00.000000','PRESENT',9.00,1.00,'','2025-10-13 09:10:13.285581','2025-10-13 09:10:13.285596',9),(173,'2025-10-07','09:00:00.000000','18:00:00.000000','PRESENT',9.00,1.00,'','2025-10-13 09:10:13.289461','2025-10-13 09:10:13.289475',9),(174,'2025-10-06','09:00:00.000000','18:00:00.000000','PRESENT',9.00,1.00,'','2025-10-13 09:10:13.293466','2025-10-13 09:10:13.293482',9),(175,'2025-10-03','09:00:00.000000','18:00:00.000000','PRESENT',9.00,1.00,'','2025-10-13 09:10:13.297444','2025-10-13 09:10:13.297461',9),(176,'2025-10-02','09:00:00.000000','18:00:00.000000','PRESENT',9.00,1.00,'','2025-10-13 09:10:13.302485','2025-10-13 09:10:13.302503',9),(177,'2025-10-01','09:00:00.000000','18:00:00.000000','PRESENT',9.00,1.00,'','2025-10-13 09:10:13.306563','2025-10-13 09:10:13.306581',9),(178,'2025-09-30','09:00:00.000000','18:00:00.000000','PRESENT',9.00,1.00,'','2025-10-13 09:10:13.309957','2025-10-13 09:10:13.309974',9),(179,'2025-09-29','09:00:00.000000','18:00:00.000000','PRESENT',9.00,1.00,'','2025-10-13 09:10:13.313828','2025-10-13 09:10:13.313844',9),(180,'2025-09-26','09:00:00.000000','18:00:00.000000','PRESENT',9.00,1.00,'','2025-10-13 09:10:13.317652','2025-10-13 09:10:13.317668',9),(181,'2025-09-25','09:00:00.000000','18:00:00.000000','PRESENT',9.00,1.00,'','2025-10-13 09:10:13.321628','2025-10-13 09:10:13.321647',9),(182,'2025-09-24','09:00:00.000000','18:00:00.000000','PRESENT',9.00,1.00,'','2025-10-13 09:10:13.326371','2025-10-13 09:10:13.326401',9),(183,'2025-09-23','09:00:00.000000','18:00:00.000000','PRESENT',9.00,1.00,'','2025-10-13 09:10:13.330318','2025-10-13 09:10:13.330334',9),(184,'2025-09-22','09:00:00.000000','18:00:00.000000','PRESENT',9.00,1.00,'','2025-10-13 09:10:13.334443','2025-10-13 09:10:13.334458',9),(185,'2025-09-19','09:00:00.000000','18:00:00.000000','PRESENT',9.00,1.00,'','2025-10-13 09:10:13.338509','2025-10-13 09:10:13.338523',9),(186,'2025-09-18','09:00:00.000000','18:00:00.000000','PRESENT',9.00,1.00,'','2025-10-13 09:10:13.343238','2025-10-13 09:10:13.343257',9),(187,'2025-09-17','09:00:00.000000','18:00:00.000000','PRESENT',9.00,1.00,'','2025-10-13 09:10:13.347291','2025-10-13 09:10:13.347307',9),(188,'2025-09-16','09:00:00.000000','18:00:00.000000','PRESENT',9.00,1.00,'','2025-10-13 09:10:13.353362','2025-10-13 09:10:13.353397',9),(189,'2025-09-15','09:00:00.000000','18:00:00.000000','PRESENT',9.00,1.00,'','2025-10-13 09:10:13.358380','2025-10-13 09:10:13.358396',9),(190,'2025-10-13','09:00:00.000000','18:00:00.000000','PRESENT',9.00,1.00,'','2025-10-13 09:10:13.362616','2025-10-13 09:10:13.362632',10),(191,'2025-10-10','09:00:00.000000','18:00:00.000000','PRESENT',9.00,1.00,'','2025-10-13 09:10:13.366626','2025-10-13 09:10:13.366642',10),(192,'2025-10-09','09:00:00.000000','18:00:00.000000','PRESENT',9.00,1.00,'','2025-10-13 09:10:13.370698','2025-10-13 09:10:13.370716',10),(193,'2025-10-08','09:00:00.000000','18:00:00.000000','PRESENT',9.00,1.00,'','2025-10-13 09:10:13.374679','2025-10-13 09:10:13.374695',10),(194,'2025-10-07','09:00:00.000000','18:00:00.000000','PRESENT',9.00,1.00,'','2025-10-13 09:10:13.378644','2025-10-13 09:10:13.378662',10),(195,'2025-10-06','09:00:00.000000','18:00:00.000000','PRESENT',9.00,1.00,'','2025-10-13 09:10:13.382837','2025-10-13 09:10:13.382855',10),(196,'2025-10-03','09:00:00.000000','18:00:00.000000','PRESENT',9.00,1.00,'','2025-10-13 09:10:13.386841','2025-10-13 09:10:13.386859',10),(197,'2025-10-02','09:00:00.000000','18:00:00.000000','PRESENT',9.00,1.00,'','2025-10-13 09:10:13.390850','2025-10-13 09:10:13.390865',10),(198,'2025-10-01','09:00:00.000000','18:00:00.000000','PRESENT',9.00,1.00,'','2025-10-13 09:10:13.394913','2025-10-13 09:10:13.394930',10),(199,'2025-09-30','09:00:00.000000','18:00:00.000000','PRESENT',9.00,1.00,'','2025-10-13 09:10:13.398975','2025-10-13 09:10:13.398991',10),(200,'2025-09-29','09:00:00.000000','18:00:00.000000','PRESENT',9.00,1.00,'','2025-10-13 09:10:13.403329','2025-10-13 09:10:13.403346',10),(201,'2025-09-26','09:00:00.000000','18:00:00.000000','PRESENT',9.00,1.00,'','2025-10-13 09:10:13.407258','2025-10-13 09:10:13.407275',10),(202,'2025-09-25','09:00:00.000000','18:00:00.000000','PRESENT',9.00,1.00,'','2025-10-13 09:10:13.411245','2025-10-13 09:10:13.411263',10),(203,'2025-09-24','09:00:00.000000','18:00:00.000000','PRESENT',9.00,1.00,'','2025-10-13 09:10:13.415505','2025-10-13 09:10:13.415524',10),(204,'2025-09-23','09:00:00.000000','18:00:00.000000','PRESENT',9.00,1.00,'','2025-10-13 09:10:13.419929','2025-10-13 09:10:13.419946',10),(205,'2025-09-22','09:00:00.000000','18:00:00.000000','PRESENT',9.00,1.00,'','2025-10-13 09:10:13.424033','2025-10-13 09:10:13.424049',10),(206,'2025-09-19','09:00:00.000000','18:00:00.000000','PRESENT',9.00,1.00,'','2025-10-13 09:10:13.427955','2025-10-13 09:10:13.427970',10),(207,'2025-09-18','09:00:00.000000','18:00:00.000000','PRESENT',9.00,1.00,'','2025-10-13 09:10:13.432185','2025-10-13 09:10:13.432202',10),(208,'2025-09-17','09:00:00.000000','18:00:00.000000','PRESENT',9.00,1.00,'','2025-10-13 09:10:13.436173','2025-10-13 09:10:13.436191',10),(209,'2025-09-16','09:00:00.000000','18:00:00.000000','PRESENT',9.00,1.00,'','2025-10-13 09:10:13.439745','2025-10-13 09:10:13.439762',10),(210,'2025-09-15','09:00:00.000000','18:00:00.000000','PRESENT',9.00,1.00,'','2025-10-13 09:10:13.443883','2025-10-13 09:10:13.443901',10),(211,'2025-10-13','09:00:00.000000','18:00:00.000000','PRESENT',9.00,1.00,'','2025-10-13 09:10:13.447769','2025-10-13 09:10:13.447786',11),(212,'2025-10-10','09:00:00.000000','18:00:00.000000','PRESENT',9.00,1.00,'','2025-10-13 09:10:13.451753','2025-10-13 09:10:13.451768',11),(213,'2025-10-09','09:00:00.000000','18:00:00.000000','PRESENT',9.00,1.00,'','2025-10-13 09:10:13.455744','2025-10-13 09:10:13.455760',11),(214,'2025-10-08','09:00:00.000000','18:00:00.000000','PRESENT',9.00,1.00,'','2025-10-13 09:10:13.459710','2025-10-13 09:10:13.459725',11),(215,'2025-10-07','09:00:00.000000','18:00:00.000000','PRESENT',9.00,1.00,'','2025-10-13 09:10:13.464677','2025-10-13 09:10:13.464693',11),(216,'2025-10-06','09:00:00.000000','18:00:00.000000','PRESENT',9.00,1.00,'','2025-10-13 09:10:13.468602','2025-10-13 09:10:13.468619',11),(217,'2025-10-03','09:00:00.000000','18:00:00.000000','PRESENT',9.00,1.00,'','2025-10-13 09:10:13.472642','2025-10-13 09:10:13.472660',11),(218,'2025-10-02','09:00:00.000000','18:00:00.000000','PRESENT',9.00,1.00,'','2025-10-13 09:10:13.476789','2025-10-13 09:10:13.476826',11),(219,'2025-10-01','09:00:00.000000','18:00:00.000000','PRESENT',9.00,1.00,'','2025-10-13 09:10:13.481608','2025-10-13 09:10:13.481623',11),(220,'2025-09-30','09:00:00.000000','18:00:00.000000','PRESENT',9.00,1.00,'','2025-10-13 09:10:13.485764','2025-10-13 09:10:13.485783',11),(221,'2025-09-29','09:00:00.000000','18:00:00.000000','PRESENT',9.00,1.00,'','2025-10-13 09:10:13.489765','2025-10-13 09:10:13.489781',11),(222,'2025-09-26','09:00:00.000000','18:00:00.000000','PRESENT',9.00,1.00,'','2025-10-13 09:10:13.493995','2025-10-13 09:10:13.494012',11),(223,'2025-09-25','09:00:00.000000','18:00:00.000000','PRESENT',9.00,1.00,'','2025-10-13 09:10:13.497974','2025-10-13 09:10:13.497989',11),(224,'2025-09-24','09:00:00.000000','18:00:00.000000','PRESENT',9.00,1.00,'','2025-10-13 09:10:13.501686','2025-10-13 09:10:13.501704',11),(225,'2025-09-23','09:00:00.000000','18:00:00.000000','PRESENT',9.00,1.00,'','2025-10-13 09:10:13.505679','2025-10-13 09:10:13.505697',11),(226,'2025-09-22','09:00:00.000000','18:00:00.000000','PRESENT',9.00,1.00,'','2025-10-13 09:10:13.509538','2025-10-13 09:10:13.509555',11),(227,'2025-09-19','09:00:00.000000','18:00:00.000000','PRESENT',9.00,1.00,'','2025-10-13 09:10:13.513519','2025-10-13 09:10:13.513535',11),(228,'2025-09-18','09:00:00.000000','18:00:00.000000','PRESENT',9.00,1.00,'','2025-10-13 09:10:13.517543','2025-10-13 09:10:13.517560',11),(229,'2025-09-17','09:00:00.000000','18:00:00.000000','PRESENT',9.00,1.00,'','2025-10-13 09:10:13.521541','2025-10-13 09:10:13.521557',11),(230,'2025-09-16','09:00:00.000000','18:00:00.000000','PRESENT',9.00,1.00,'','2025-10-13 09:10:13.525695','2025-10-13 09:10:13.525712',11),(231,'2025-09-15','09:00:00.000000','18:00:00.000000','PRESENT',9.00,1.00,'','2025-10-13 09:10:13.529713','2025-10-13 09:10:13.529741',11),(232,'2025-10-13','09:00:00.000000','18:00:00.000000','PRESENT',9.00,1.00,'','2025-10-13 09:10:13.533842','2025-10-13 09:10:13.533858',12),(233,'2025-10-10','09:00:00.000000','18:00:00.000000','PRESENT',9.00,1.00,'','2025-10-13 09:10:13.537770','2025-10-13 09:10:13.537786',12),(234,'2025-10-09','09:00:00.000000','18:00:00.000000','PRESENT',9.00,1.00,'','2025-10-13 09:10:13.541847','2025-10-13 09:10:13.541864',12),(235,'2025-10-08','09:00:00.000000','18:00:00.000000','PRESENT',9.00,1.00,'','2025-10-13 09:10:13.546013','2025-10-13 09:10:13.546030',12),(236,'2025-10-07','09:00:00.000000','18:00:00.000000','PRESENT',9.00,1.00,'','2025-10-13 09:10:13.549865','2025-10-13 09:10:13.549880',12),(237,'2025-10-06','09:00:00.000000','18:00:00.000000','PRESENT',9.00,1.00,'','2025-10-13 09:10:13.553990','2025-10-13 09:10:13.554006',12),(238,'2025-10-03','09:00:00.000000','18:00:00.000000','PRESENT',9.00,1.00,'','2025-10-13 09:10:13.558545','2025-10-13 09:10:13.558560',12),(239,'2025-10-02','09:00:00.000000','18:00:00.000000','PRESENT',9.00,1.00,'','2025-10-13 09:10:13.562618','2025-10-13 09:10:13.562634',12),(240,'2025-10-01','09:00:00.000000','18:00:00.000000','PRESENT',9.00,1.00,'','2025-10-13 09:10:13.566564','2025-10-13 09:10:13.566581',12),(241,'2025-09-30','09:00:00.000000','18:00:00.000000','PRESENT',9.00,1.00,'','2025-10-13 09:10:13.570445','2025-10-13 09:10:13.570461',12),(242,'2025-09-29','09:00:00.000000','18:00:00.000000','PRESENT',9.00,1.00,'','2025-10-13 09:10:13.574254','2025-10-13 09:10:13.574272',12),(243,'2025-09-26','09:00:00.000000','18:00:00.000000','PRESENT',9.00,1.00,'','2025-10-13 09:10:13.578081','2025-10-13 09:10:13.578097',12),(244,'2025-09-25','09:00:00.000000','18:00:00.000000','PRESENT',9.00,1.00,'','2025-10-13 09:10:13.582065','2025-10-13 09:10:13.582084',12),(245,'2025-09-24','09:00:00.000000','18:00:00.000000','PRESENT',9.00,1.00,'','2025-10-13 09:10:13.586573','2025-10-13 09:10:13.586608',12),(246,'2025-09-23','09:00:00.000000','18:00:00.000000','PRESENT',9.00,1.00,'','2025-10-13 09:10:13.591213','2025-10-13 09:10:13.591231',12),(247,'2025-09-22','09:00:00.000000','18:00:00.000000','PRESENT',9.00,1.00,'','2025-10-13 09:10:13.595129','2025-10-13 09:10:13.595146',12),(248,'2025-09-19','09:00:00.000000','18:00:00.000000','PRESENT',9.00,1.00,'','2025-10-13 09:10:13.599032','2025-10-13 09:10:13.599049',12),(249,'2025-09-18','09:00:00.000000','18:00:00.000000','PRESENT',9.00,1.00,'','2025-10-13 09:10:13.603368','2025-10-13 09:10:13.603384',12),(250,'2025-09-17','09:00:00.000000','18:00:00.000000','PRESENT',9.00,1.00,'','2025-10-13 09:10:13.607409','2025-10-13 09:10:13.607424',12),(251,'2025-09-16','09:00:00.000000','18:00:00.000000','PRESENT',9.00,1.00,'','2025-10-13 09:10:13.611357','2025-10-13 09:10:13.611375',12),(252,'2025-09-15','09:00:00.000000','18:00:00.000000','PRESENT',9.00,1.00,'','2025-10-13 09:10:13.615320','2025-10-13 09:10:13.615338',12),(253,'2025-10-13','09:00:00.000000','18:00:00.000000','PRESENT',9.00,1.00,'','2025-10-13 09:10:13.621368','2025-10-13 09:10:13.621384',13),(254,'2025-10-10','09:00:00.000000','18:00:00.000000','PRESENT',9.00,1.00,'','2025-10-13 09:10:13.625538','2025-10-13 09:10:13.625555',13),(255,'2025-10-09','09:00:00.000000','18:00:00.000000','PRESENT',9.00,1.00,'','2025-10-13 09:10:13.629524','2025-10-13 09:10:13.629541',13),(256,'2025-10-08','09:00:00.000000','18:00:00.000000','PRESENT',9.00,1.00,'','2025-10-13 09:10:13.633537','2025-10-13 09:10:13.633554',13),(257,'2025-10-07','09:00:00.000000','18:00:00.000000','PRESENT',9.00,1.00,'','2025-10-13 09:10:13.637361','2025-10-13 09:10:13.637377',13),(258,'2025-10-06','09:00:00.000000','18:00:00.000000','PRESENT',9.00,1.00,'','2025-10-13 09:10:13.641503','2025-10-13 09:10:13.641521',13),(259,'2025-10-03','09:00:00.000000','18:00:00.000000','PRESENT',9.00,1.00,'','2025-10-13 09:10:13.645382','2025-10-13 09:10:13.645398',13),(260,'2025-10-02','09:00:00.000000','18:00:00.000000','PRESENT',9.00,1.00,'','2025-10-13 09:10:13.649275','2025-10-13 09:10:13.649292',13),(261,'2025-10-01','09:00:00.000000','18:00:00.000000','PRESENT',9.00,1.00,'','2025-10-13 09:10:13.653150','2025-10-13 09:10:13.653165',13),(262,'2025-09-30','09:00:00.000000','18:00:00.000000','PRESENT',9.00,1.00,'','2025-10-13 09:10:13.656817','2025-10-13 09:10:13.656833',13),(263,'2025-09-29','09:00:00.000000','18:00:00.000000','PRESENT',9.00,1.00,'','2025-10-13 09:10:13.660627','2025-10-13 09:10:13.660644',13),(264,'2025-09-26','09:00:00.000000','18:00:00.000000','PRESENT',9.00,1.00,'','2025-10-13 09:10:13.664624','2025-10-13 09:10:13.664642',13),(265,'2025-09-25','09:00:00.000000','18:00:00.000000','PRESENT',9.00,1.00,'','2025-10-13 09:10:13.668474','2025-10-13 09:10:13.668488',13),(266,'2025-09-24','09:00:00.000000','18:00:00.000000','PRESENT',9.00,1.00,'','2025-10-13 09:10:13.672377','2025-10-13 09:10:13.672391',13),(267,'2025-09-23','09:00:00.000000','18:00:00.000000','PRESENT',9.00,1.00,'','2025-10-13 09:10:13.676104','2025-10-13 09:10:13.676119',13),(268,'2025-09-22','09:00:00.000000','18:00:00.000000','PRESENT',9.00,1.00,'','2025-10-13 09:10:13.680500','2025-10-13 09:10:13.680515',13),(269,'2025-09-19','09:00:00.000000','18:00:00.000000','PRESENT',9.00,1.00,'','2025-10-13 09:10:13.684439','2025-10-13 09:10:13.684456',13),(270,'2025-09-18','09:00:00.000000','18:00:00.000000','PRESENT',9.00,1.00,'','2025-10-13 09:10:13.688384','2025-10-13 09:10:13.688400',13),(271,'2025-09-17','09:00:00.000000','18:00:00.000000','PRESENT',9.00,1.00,'','2025-10-13 09:10:13.692328','2025-10-13 09:10:13.692345',13),(272,'2025-09-16','09:00:00.000000','18:00:00.000000','PRESENT',9.00,1.00,'','2025-10-13 09:10:13.696091','2025-10-13 09:10:13.696107',13),(273,'2025-09-15','09:00:00.000000','18:00:00.000000','PRESENT',9.00,1.00,'','2025-10-13 09:10:13.699879','2025-10-13 09:10:13.699894',13),(274,'2025-10-13','09:00:00.000000','18:00:00.000000','PRESENT',9.00,1.00,'','2025-10-13 09:10:13.703750','2025-10-13 09:10:13.703766',14),(275,'2025-10-10','09:00:00.000000','18:00:00.000000','PRESENT',9.00,1.00,'','2025-10-13 09:10:13.707657','2025-10-13 09:10:13.707671',14),(276,'2025-10-09','09:00:00.000000','18:00:00.000000','PRESENT',9.00,1.00,'','2025-10-13 09:10:13.711640','2025-10-13 09:10:13.711656',14),(277,'2025-10-08','09:00:00.000000','18:00:00.000000','PRESENT',9.00,1.00,'','2025-10-13 09:10:13.715441','2025-10-13 09:10:13.715457',14),(278,'2025-10-07','09:00:00.000000','18:00:00.000000','PRESENT',9.00,1.00,'','2025-10-13 09:10:13.719404','2025-10-13 09:10:13.719421',14),(279,'2025-10-06','09:00:00.000000','18:00:00.000000','PRESENT',9.00,1.00,'','2025-10-13 09:10:13.723267','2025-10-13 09:10:13.723282',14),(280,'2025-10-03','09:00:00.000000','18:00:00.000000','PRESENT',9.00,1.00,'','2025-10-13 09:10:13.727327','2025-10-13 09:10:13.727342',14),(281,'2025-10-02','09:00:00.000000','18:00:00.000000','PRESENT',9.00,1.00,'','2025-10-13 09:10:13.733058','2025-10-13 09:10:13.733074',14),(282,'2025-10-01','09:00:00.000000','18:00:00.000000','PRESENT',9.00,1.00,'','2025-10-13 09:10:13.737014','2025-10-13 09:10:13.737030',14),(283,'2025-09-30','09:00:00.000000','18:00:00.000000','PRESENT',9.00,1.00,'','2025-10-13 09:10:13.740744','2025-10-13 09:10:13.740760',14),(284,'2025-09-29','09:00:00.000000','18:00:00.000000','PRESENT',9.00,1.00,'','2025-10-13 09:10:13.744763','2025-10-13 09:10:13.744781',14),(285,'2025-09-26','09:00:00.000000','18:00:00.000000','PRESENT',9.00,1.00,'','2025-10-13 09:10:13.748630','2025-10-13 09:10:13.748648',14),(286,'2025-09-25','09:00:00.000000','18:00:00.000000','PRESENT',9.00,1.00,'','2025-10-13 09:10:13.752486','2025-10-13 09:10:13.752503',14),(287,'2025-09-24','09:00:00.000000','18:00:00.000000','PRESENT',9.00,1.00,'','2025-10-13 09:10:13.756464','2025-10-13 09:10:13.756482',14),(288,'2025-09-23','09:00:00.000000','18:00:00.000000','PRESENT',9.00,1.00,'','2025-10-13 09:10:13.760190','2025-10-13 09:10:13.760205',14),(289,'2025-09-22','09:00:00.000000','18:00:00.000000','PRESENT',9.00,1.00,'','2025-10-13 09:10:13.764200','2025-10-13 09:10:13.764216',14),(290,'2025-09-19','09:00:00.000000','18:00:00.000000','PRESENT',9.00,1.00,'','2025-10-13 09:10:13.768188','2025-10-13 09:10:13.768205',14),(291,'2025-09-18','09:00:00.000000','18:00:00.000000','PRESENT',9.00,1.00,'','2025-10-13 09:10:13.772595','2025-10-13 09:10:13.772611',14),(292,'2025-09-17','09:00:00.000000','18:00:00.000000','PRESENT',9.00,1.00,'','2025-10-13 09:10:13.777380','2025-10-13 09:10:13.777395',14),(293,'2025-09-16','09:00:00.000000','18:00:00.000000','PRESENT',9.00,1.00,'','2025-10-13 09:10:13.781252','2025-10-13 09:10:13.781267',14),(294,'2025-09-15','09:00:00.000000','18:00:00.000000','PRESENT',9.00,1.00,'','2025-10-13 09:10:13.785460','2025-10-13 09:10:13.785477',14),(295,'2025-10-13','09:00:00.000000','18:00:00.000000','PRESENT',9.00,1.00,'','2025-10-13 09:10:13.789473','2025-10-13 09:10:13.789489',15),(296,'2025-10-10','09:00:00.000000','18:00:00.000000','PRESENT',9.00,1.00,'','2025-10-13 09:10:13.793477','2025-10-13 09:10:13.793493',15),(297,'2025-10-09','09:00:00.000000','18:00:00.000000','PRESENT',9.00,1.00,'','2025-10-13 09:10:13.797410','2025-10-13 09:10:13.797425',15),(298,'2025-10-08','09:00:00.000000','18:00:00.000000','PRESENT',9.00,1.00,'','2025-10-13 09:10:13.801430','2025-10-13 09:10:13.801447',15),(299,'2025-10-07','09:00:00.000000','18:00:00.000000','PRESENT',9.00,1.00,'','2025-10-13 09:10:13.805369','2025-10-13 09:10:13.805387',15),(300,'2025-10-06','09:00:00.000000','18:00:00.000000','PRESENT',9.00,1.00,'','2025-10-13 09:10:13.809237','2025-10-13 09:10:13.809253',15),(301,'2025-10-03','09:00:00.000000','18:00:00.000000','PRESENT',9.00,1.00,'','2025-10-13 09:10:13.813121','2025-10-13 09:10:13.813136',15),(302,'2025-10-02','09:00:00.000000','18:00:00.000000','PRESENT',9.00,1.00,'','2025-10-13 09:10:13.817080','2025-10-13 09:10:13.817096',15),(303,'2025-10-01','09:00:00.000000','18:00:00.000000','PRESENT',9.00,1.00,'','2025-10-13 09:10:13.820913','2025-10-13 09:10:13.820943',15),(304,'2025-09-30','09:00:00.000000','18:00:00.000000','PRESENT',9.00,1.00,'','2025-10-13 09:10:13.824815','2025-10-13 09:10:13.824832',15),(305,'2025-09-29','09:00:00.000000','18:00:00.000000','PRESENT',9.00,1.00,'','2025-10-13 09:10:13.828630','2025-10-13 09:10:13.828647',15),(306,'2025-09-26','09:00:00.000000','18:00:00.000000','PRESENT',9.00,1.00,'','2025-10-13 09:10:13.832653','2025-10-13 09:10:13.832670',15),(307,'2025-09-25','09:00:00.000000','18:00:00.000000','PRESENT',9.00,1.00,'','2025-10-13 09:10:13.836561','2025-10-13 09:10:13.836576',15),(308,'2025-09-24','09:00:00.000000','18:00:00.000000','PRESENT',9.00,1.00,'','2025-10-13 09:10:13.840486','2025-10-13 09:10:13.840502',15),(309,'2025-09-23','09:00:00.000000','18:00:00.000000','PRESENT',9.00,1.00,'','2025-10-13 09:10:13.844297','2025-10-13 09:10:13.844313',15),(310,'2025-09-22','09:00:00.000000','18:00:00.000000','PRESENT',9.00,1.00,'','2025-10-13 09:10:13.849436','2025-10-13 09:10:13.849461',15),(311,'2025-09-19','09:00:00.000000','18:00:00.000000','PRESENT',9.00,1.00,'','2025-10-13 09:10:13.853840','2025-10-13 09:10:13.853855',15),(312,'2025-09-18','09:00:00.000000','18:00:00.000000','PRESENT',9.00,1.00,'','2025-10-13 09:10:13.857778','2025-10-13 09:10:13.857793',15),(313,'2025-09-17','09:00:00.000000','18:00:00.000000','PRESENT',9.00,1.00,'','2025-10-13 09:10:13.861892','2025-10-13 09:10:13.861923',15),(314,'2025-09-16','09:00:00.000000','18:00:00.000000','PRESENT',9.00,1.00,'','2025-10-13 09:10:13.865930','2025-10-13 09:10:13.865947',15),(315,'2025-09-15','09:00:00.000000','18:00:00.000000','PRESENT',9.00,1.00,'','2025-10-13 09:10:13.869794','2025-10-13 09:10:13.869811',15),(316,'2025-10-13','09:00:00.000000','18:00:00.000000','PRESENT',9.00,1.00,'','2025-10-13 09:10:13.873634','2025-10-13 09:10:13.873651',16),(317,'2025-10-10','09:00:00.000000','18:00:00.000000','PRESENT',9.00,1.00,'','2025-10-13 09:10:13.877554','2025-10-13 09:10:13.877571',16),(318,'2025-10-09','09:00:00.000000','18:00:00.000000','PRESENT',9.00,1.00,'','2025-10-13 09:10:13.881502','2025-10-13 09:10:13.881520',16),(319,'2025-10-08','09:00:00.000000','18:00:00.000000','PRESENT',9.00,1.00,'','2025-10-13 09:10:13.885307','2025-10-13 09:10:13.885324',16),(320,'2025-10-07','09:00:00.000000','18:00:00.000000','PRESENT',9.00,1.00,'','2025-10-13 09:10:13.889265','2025-10-13 09:10:13.889282',16),(321,'2025-10-06','09:00:00.000000','18:00:00.000000','PRESENT',9.00,1.00,'','2025-10-13 09:10:13.893229','2025-10-13 09:10:13.893247',16),(322,'2025-10-03','09:00:00.000000','18:00:00.000000','PRESENT',9.00,1.00,'','2025-10-13 09:10:13.897074','2025-10-13 09:10:13.897089',16),(323,'2025-10-02','09:00:00.000000','18:00:00.000000','PRESENT',9.00,1.00,'','2025-10-13 09:10:13.901029','2025-10-13 09:10:13.901050',16),(324,'2025-10-01','09:00:00.000000','18:00:00.000000','PRESENT',9.00,1.00,'','2025-10-13 09:10:13.904817','2025-10-13 09:10:13.904835',16),(325,'2025-09-30','09:00:00.000000','18:00:00.000000','PRESENT',9.00,1.00,'','2025-10-13 09:10:13.908645','2025-10-13 09:10:13.908663',16),(326,'2025-09-29','09:00:00.000000','18:00:00.000000','PRESENT',9.00,1.00,'','2025-10-13 09:10:13.912825','2025-10-13 09:10:13.912862',16),(327,'2025-09-26','09:00:00.000000','18:00:00.000000','PRESENT',9.00,1.00,'','2025-10-13 09:10:13.916810','2025-10-13 09:10:13.916828',16),(328,'2025-09-25','09:00:00.000000','18:00:00.000000','PRESENT',9.00,1.00,'','2025-10-13 09:10:13.920579','2025-10-13 09:10:13.920595',16),(329,'2025-09-24','09:00:00.000000','18:00:00.000000','PRESENT',9.00,1.00,'','2025-10-13 09:10:13.924409','2025-10-13 09:10:13.924426',16),(330,'2025-09-23','09:00:00.000000','18:00:00.000000','PRESENT',9.00,1.00,'','2025-10-13 09:10:13.928227','2025-10-13 09:10:13.928243',16),(331,'2025-09-22','09:00:00.000000','18:00:00.000000','PRESENT',9.00,1.00,'','2025-10-13 09:10:13.933530','2025-10-13 09:10:13.933547',16),(332,'2025-09-19','09:00:00.000000','18:00:00.000000','PRESENT',9.00,1.00,'','2025-10-13 09:10:13.937418','2025-10-13 09:10:13.937436',16),(333,'2025-09-18','09:00:00.000000','18:00:00.000000','PRESENT',9.00,1.00,'','2025-10-13 09:10:13.942050','2025-10-13 09:10:13.942068',16),(334,'2025-09-17','09:00:00.000000','18:00:00.000000','PRESENT',9.00,1.00,'','2025-10-13 09:10:13.945897','2025-10-13 09:10:13.945913',16),(335,'2025-09-16','09:00:00.000000','18:00:00.000000','PRESENT',9.00,1.00,'','2025-10-13 09:10:13.949880','2025-10-13 09:10:13.949896',16),(336,'2025-09-15','09:00:00.000000','18:00:00.000000','PRESENT',9.00,1.00,'','2025-10-13 09:10:13.953838','2025-10-13 09:10:13.953854',16),(337,'2025-10-13','09:00:00.000000','18:00:00.000000','PRESENT',9.00,1.00,'','2025-10-13 09:10:13.957676','2025-10-13 09:10:13.957691',17),(338,'2025-10-10','09:00:00.000000','18:00:00.000000','PRESENT',9.00,1.00,'','2025-10-13 09:10:13.961551','2025-10-13 09:10:13.961592',17),(339,'2025-10-09','09:00:00.000000','18:00:00.000000','PRESENT',9.00,1.00,'','2025-10-13 09:10:13.965460','2025-10-13 09:10:13.965477',17),(340,'2025-10-08','09:00:00.000000','18:00:00.000000','PRESENT',9.00,1.00,'','2025-10-13 09:10:13.969406','2025-10-13 09:10:13.969424',17),(341,'2025-10-07','09:00:00.000000','18:00:00.000000','PRESENT',9.00,1.00,'','2025-10-13 09:10:13.973324','2025-10-13 09:10:13.973340',17),(342,'2025-10-06','09:00:00.000000','18:00:00.000000','PRESENT',9.00,1.00,'','2025-10-13 09:10:13.977068','2025-10-13 09:10:13.977085',17),(343,'2025-10-03','09:00:00.000000','18:00:00.000000','PRESENT',9.00,1.00,'','2025-10-13 09:10:13.980924','2025-10-13 09:10:13.980940',17),(344,'2025-10-02','09:00:00.000000','18:00:00.000000','PRESENT',9.00,1.00,'','2025-10-13 09:10:13.984697','2025-10-13 09:10:13.984715',17),(345,'2025-10-01','09:00:00.000000','18:00:00.000000','PRESENT',9.00,1.00,'','2025-10-13 09:10:13.988591','2025-10-13 09:10:13.988609',17),(346,'2025-09-30','09:00:00.000000','18:00:00.000000','PRESENT',9.00,1.00,'','2025-10-13 09:10:13.992456','2025-10-13 09:10:13.992473',17),(347,'2025-09-29','09:00:00.000000','18:00:00.000000','PRESENT',9.00,1.00,'','2025-10-13 09:10:13.996271','2025-10-13 09:10:13.996305',17),(348,'2025-09-26','09:00:00.000000','18:00:00.000000','PRESENT',9.00,1.00,'','2025-10-13 09:10:14.000274','2025-10-13 09:10:14.000292',17),(349,'2025-09-25','09:00:00.000000','18:00:00.000000','PRESENT',9.00,1.00,'','2025-10-13 09:10:14.004035','2025-10-13 09:10:14.004053',17),(350,'2025-09-24','09:00:00.000000','18:00:00.000000','PRESENT',9.00,1.00,'','2025-10-13 09:10:14.007868','2025-10-13 09:10:14.007885',17),(351,'2025-09-23','09:00:00.000000','18:00:00.000000','PRESENT',9.00,1.00,'','2025-10-13 09:10:14.011682','2025-10-13 09:10:14.011699',17),(352,'2025-09-22','09:00:00.000000','18:00:00.000000','PRESENT',9.00,1.00,'','2025-10-13 09:10:14.015572','2025-10-13 09:10:14.015591',17),(353,'2025-09-19','09:00:00.000000','18:00:00.000000','PRESENT',9.00,1.00,'','2025-10-13 09:10:14.019402','2025-10-13 09:10:14.019417',17),(354,'2025-09-18','09:00:00.000000','18:00:00.000000','PRESENT',9.00,1.00,'','2025-10-13 09:10:14.023281','2025-10-13 09:10:14.023296',17),(355,'2025-09-17','09:00:00.000000','18:00:00.000000','PRESENT',9.00,1.00,'','2025-10-13 09:10:14.027138','2025-10-13 09:10:14.027155',17),(356,'2025-09-16','09:00:00.000000','18:00:00.000000','PRESENT',9.00,1.00,'','2025-10-13 09:10:14.030971','2025-10-13 09:10:14.030985',17),(357,'2025-09-15','09:00:00.000000','18:00:00.000000','PRESENT',9.00,1.00,'','2025-10-13 09:10:14.034794','2025-10-13 09:10:14.034811',17),(358,'2025-10-13','09:00:00.000000','18:00:00.000000','PRESENT',9.00,1.00,'','2025-10-13 09:10:14.038605','2025-10-13 09:10:14.038620',18),(359,'2025-10-10','09:00:00.000000','18:00:00.000000','PRESENT',9.00,1.00,'','2025-10-13 09:10:14.042367','2025-10-13 09:10:14.042387',18),(360,'2025-10-09','09:00:00.000000','18:00:00.000000','PRESENT',9.00,1.00,'','2025-10-13 09:10:14.046180','2025-10-13 09:10:14.046200',18),(361,'2025-10-08','09:00:00.000000','18:00:00.000000','PRESENT',9.00,1.00,'','2025-10-13 09:10:14.050053','2025-10-13 09:10:14.050070',18),(362,'2025-10-07','09:00:00.000000','18:00:00.000000','PRESENT',9.00,1.00,'','2025-10-13 09:10:14.053756','2025-10-13 09:10:14.053771',18),(363,'2025-10-06','09:00:00.000000','18:00:00.000000','PRESENT',9.00,1.00,'','2025-10-13 09:10:14.057518','2025-10-13 09:10:14.057534',18),(364,'2025-10-03','09:00:00.000000','18:00:00.000000','PRESENT',9.00,1.00,'','2025-10-13 09:10:14.061244','2025-10-13 09:10:14.061259',18),(365,'2025-10-02','09:00:00.000000','18:00:00.000000','PRESENT',9.00,1.00,'','2025-10-13 09:10:14.065090','2025-10-13 09:10:14.065108',18),(366,'2025-10-01','09:00:00.000000','18:00:00.000000','PRESENT',9.00,1.00,'','2025-10-13 09:10:14.068953','2025-10-13 09:10:14.068971',18),(367,'2025-09-30','09:00:00.000000','18:00:00.000000','PRESENT',9.00,1.00,'','2025-10-13 09:10:14.072764','2025-10-13 09:10:14.072781',18),(368,'2025-09-29','09:00:00.000000','18:00:00.000000','PRESENT',9.00,1.00,'','2025-10-13 09:10:14.076583','2025-10-13 09:10:14.076598',18),(369,'2025-09-26','09:00:00.000000','18:00:00.000000','PRESENT',9.00,1.00,'','2025-10-13 09:10:14.080557','2025-10-13 09:10:14.080574',18),(370,'2025-09-25','09:00:00.000000','18:00:00.000000','PRESENT',9.00,1.00,'','2025-10-13 09:10:14.084848','2025-10-13 09:10:14.084863',18),(371,'2025-09-24','09:00:00.000000','18:00:00.000000','PRESENT',9.00,1.00,'','2025-10-13 09:10:14.088855','2025-10-13 09:10:14.088873',18),(372,'2025-09-23','09:00:00.000000','18:00:00.000000','PRESENT',9.00,1.00,'','2025-10-13 09:10:14.092759','2025-10-13 09:10:14.092775',18),(373,'2025-09-22','09:00:00.000000','18:00:00.000000','PRESENT',9.00,1.00,'','2025-10-13 09:10:14.097218','2025-10-13 09:10:14.097254',18),(374,'2025-09-19','09:00:00.000000','18:00:00.000000','PRESENT',9.00,1.00,'','2025-10-13 09:10:14.101868','2025-10-13 09:10:14.101885',18),(375,'2025-09-18','09:00:00.000000','18:00:00.000000','PRESENT',9.00,1.00,'','2025-10-13 09:10:14.105892','2025-10-13 09:10:14.105907',18),(376,'2025-09-17','09:00:00.000000','18:00:00.000000','PRESENT',9.00,1.00,'','2025-10-13 09:10:14.109911','2025-10-13 09:10:14.109926',18),(377,'2025-09-16','09:00:00.000000','18:00:00.000000','PRESENT',9.00,1.00,'','2025-10-13 09:10:14.113950','2025-10-13 09:10:14.113965',18),(378,'2025-09-15','09:00:00.000000','18:00:00.000000','PRESENT',9.00,1.00,'','2025-10-13 09:10:14.117943','2025-10-13 09:10:14.117959',18),(379,'2025-10-13','09:00:00.000000','18:00:00.000000','PRESENT',9.00,1.00,'','2025-10-13 09:10:14.121914','2025-10-13 09:10:14.121931',19),(380,'2025-10-10','09:00:00.000000','18:00:00.000000','PRESENT',9.00,1.00,'','2025-10-13 09:10:14.125769','2025-10-13 09:10:14.125786',19),(381,'2025-10-09','09:00:00.000000','18:00:00.000000','PRESENT',9.00,1.00,'','2025-10-13 09:10:14.129620','2025-10-13 09:10:14.129639',19),(382,'2025-10-08','09:00:00.000000','18:00:00.000000','PRESENT',9.00,1.00,'','2025-10-13 09:10:14.133529','2025-10-13 09:10:14.133546',19),(383,'2025-10-07','09:00:00.000000','18:00:00.000000','PRESENT',9.00,1.00,'','2025-10-13 09:10:14.137373','2025-10-13 09:10:14.137390',19),(384,'2025-10-06','09:00:00.000000','18:00:00.000000','PRESENT',9.00,1.00,'','2025-10-13 09:10:14.141308','2025-10-13 09:10:14.141327',19),(385,'2025-10-03','09:00:00.000000','18:00:00.000000','PRESENT',9.00,1.00,'','2025-10-13 09:10:14.145121','2025-10-13 09:10:14.145139',19),(386,'2025-10-02','09:00:00.000000','18:00:00.000000','PRESENT',9.00,1.00,'','2025-10-13 09:10:14.149019','2025-10-13 09:10:14.149039',19),(387,'2025-10-01','09:00:00.000000','18:00:00.000000','PRESENT',9.00,1.00,'','2025-10-13 09:10:14.153052','2025-10-13 09:10:14.153070',19),(388,'2025-09-30','09:00:00.000000','18:00:00.000000','PRESENT',9.00,1.00,'','2025-10-13 09:10:14.156957','2025-10-13 09:10:14.156973',19),(389,'2025-09-29','09:00:00.000000','18:00:00.000000','PRESENT',9.00,1.00,'','2025-10-13 09:10:14.160818','2025-10-13 09:10:14.160835',19),(390,'2025-09-26','09:00:00.000000','18:00:00.000000','PRESENT',9.00,1.00,'','2025-10-13 09:10:14.164684','2025-10-13 09:10:14.164699',19),(391,'2025-09-25','09:00:00.000000','18:00:00.000000','PRESENT',9.00,1.00,'','2025-10-13 09:10:14.168552','2025-10-13 09:10:14.168569',19),(392,'2025-09-24','09:00:00.000000','18:00:00.000000','PRESENT',9.00,1.00,'','2025-10-13 09:10:14.172379','2025-10-13 09:10:14.172395',19),(393,'2025-09-23','09:00:00.000000','18:00:00.000000','PRESENT',9.00,1.00,'','2025-10-13 09:10:14.176242','2025-10-13 09:10:14.176259',19),(394,'2025-09-22','09:00:00.000000','18:00:00.000000','PRESENT',9.00,1.00,'','2025-10-13 09:10:14.180123','2025-10-13 09:10:14.180140',19),(395,'2025-09-19','09:00:00.000000','18:00:00.000000','PRESENT',9.00,1.00,'','2025-10-13 09:10:14.184084','2025-10-13 09:10:14.184102',19),(396,'2025-09-18','09:00:00.000000','18:00:00.000000','PRESENT',9.00,1.00,'','2025-10-13 09:10:14.188044','2025-10-13 09:10:14.188059',19),(397,'2025-09-17','09:00:00.000000','18:00:00.000000','PRESENT',9.00,1.00,'','2025-10-13 09:10:14.192038','2025-10-13 09:10:14.192053',19),(398,'2025-09-16','09:00:00.000000','18:00:00.000000','PRESENT',9.00,1.00,'','2025-10-13 09:10:14.196012','2025-10-13 09:10:14.196027',19),(399,'2025-09-15','09:00:00.000000','18:00:00.000000','PRESENT',9.00,1.00,'','2025-10-13 09:10:14.199929','2025-10-13 09:10:14.199945',19),(400,'2025-10-13','09:00:00.000000','18:00:00.000000','PRESENT',9.00,1.00,'','2025-10-13 09:10:14.203807','2025-10-13 09:10:14.203823',20),(401,'2025-10-10','09:00:00.000000','18:00:00.000000','PRESENT',9.00,1.00,'','2025-10-13 09:10:14.207644','2025-10-13 09:10:14.207659',20),(402,'2025-10-09','09:00:00.000000','18:00:00.000000','PRESENT',9.00,1.00,'','2025-10-13 09:10:14.211524','2025-10-13 09:10:14.211540',20),(403,'2025-10-08','09:00:00.000000','18:00:00.000000','PRESENT',9.00,1.00,'','2025-10-13 09:10:14.215911','2025-10-13 09:10:14.215927',20),(404,'2025-10-07','09:00:00.000000','18:00:00.000000','PRESENT',9.00,1.00,'','2025-10-13 09:10:14.219810','2025-10-13 09:10:14.219827',20),(405,'2025-10-06','09:00:00.000000','18:00:00.000000','PRESENT',9.00,1.00,'','2025-10-13 09:10:14.223689','2025-10-13 09:10:14.223705',20),(406,'2025-10-03','09:00:00.000000','18:00:00.000000','PRESENT',9.00,1.00,'','2025-10-13 09:10:14.227725','2025-10-13 09:10:14.227743',20),(407,'2025-10-02','09:00:00.000000','18:00:00.000000','PRESENT',9.00,1.00,'','2025-10-13 09:10:14.233148','2025-10-13 09:10:14.233165',20),(408,'2025-10-01','09:00:00.000000','18:00:00.000000','PRESENT',9.00,1.00,'','2025-10-13 09:10:14.237054','2025-10-13 09:10:14.237071',20),(409,'2025-09-30','09:00:00.000000','18:00:00.000000','PRESENT',9.00,1.00,'','2025-10-13 09:10:14.242033','2025-10-13 09:10:14.242050',20),(410,'2025-09-29','09:00:00.000000','18:00:00.000000','PRESENT',9.00,1.00,'','2025-10-13 09:10:14.246491','2025-10-13 09:10:14.246511',20),(411,'2025-09-26','09:00:00.000000','18:00:00.000000','PRESENT',9.00,1.00,'','2025-10-13 09:10:14.250359','2025-10-13 09:10:14.250376',20),(412,'2025-09-25','09:00:00.000000','18:00:00.000000','PRESENT',9.00,1.00,'','2025-10-13 09:10:14.254161','2025-10-13 09:10:14.254178',20),(413,'2025-09-24','09:00:00.000000','18:00:00.000000','PRESENT',9.00,1.00,'','2025-10-13 09:10:14.257984','2025-10-13 09:10:14.258000',20),(414,'2025-09-23','09:00:00.000000','18:00:00.000000','PRESENT',9.00,1.00,'','2025-10-13 09:10:14.261979','2025-10-13 09:10:14.261997',20),(415,'2025-09-22','09:00:00.000000','18:00:00.000000','PRESENT',9.00,1.00,'','2025-10-13 09:10:14.265875','2025-10-13 09:10:14.265894',20),(416,'2025-09-19','09:00:00.000000','18:00:00.000000','PRESENT',9.00,1.00,'','2025-10-13 09:10:14.269743','2025-10-13 09:10:14.269758',20),(417,'2025-09-18','09:00:00.000000','18:00:00.000000','PRESENT',9.00,1.00,'','2025-10-13 09:10:14.273816','2025-10-13 09:10:14.273852',20),(418,'2025-09-17','09:00:00.000000','18:00:00.000000','PRESENT',9.00,1.00,'','2025-10-13 09:10:14.278330','2025-10-13 09:10:14.278346',20),(419,'2025-09-16','09:00:00.000000','18:00:00.000000','PRESENT',9.00,1.00,'','2025-10-13 09:10:14.282445','2025-10-13 09:10:14.282462',20),(420,'2025-09-15','09:00:00.000000','18:00:00.000000','PRESENT',9.00,1.00,'','2025-10-13 09:10:14.288412','2025-10-13 09:10:14.288428',20);
/*!40000 ALTER TABLE `attendance_records` ENABLE KEYS */;
UNLOCK TABLES;

--
-- Table structure for table `auth_group`
--

DROP TABLE IF EXISTS `auth_group`;
/*!40101 SET @saved_cs_client     = @@character_set_client */;
/*!50503 SET character_set_client = utf8mb4 */;
CREATE TABLE `auth_group` (
  `id` int NOT NULL AUTO_INCREMENT,
  `name` varchar(150) NOT NULL,
  PRIMARY KEY (`id`),
  UNIQUE KEY `name` (`name`)
) ENGINE=InnoDB DEFAULT CHARSET=utf8mb4 COLLATE=utf8mb4_0900_ai_ci;
/*!40101 SET character_set_client = @saved_cs_client */;

--
-- Dumping data for table `auth_group`
--

LOCK TABLES `auth_group` WRITE;
/*!40000 ALTER TABLE `auth_group` DISABLE KEYS */;
/*!40000 ALTER TABLE `auth_group` ENABLE KEYS */;
UNLOCK TABLES;

--
-- Table structure for table `auth_group_permissions`
--

DROP TABLE IF EXISTS `auth_group_permissions`;
/*!40101 SET @saved_cs_client     = @@character_set_client */;
/*!50503 SET character_set_client = utf8mb4 */;
CREATE TABLE `auth_group_permissions` (
  `id` bigint NOT NULL AUTO_INCREMENT,
  `group_id` int NOT NULL,
  `permission_id` int NOT NULL,
  PRIMARY KEY (`id`),
  UNIQUE KEY `auth_group_permissions_group_id_permission_id_0cd325b0_uniq` (`group_id`,`permission_id`),
  KEY `auth_group_permissio_permission_id_84c5c92e_fk_auth_perm` (`permission_id`),
  CONSTRAINT `auth_group_permissio_permission_id_84c5c92e_fk_auth_perm` FOREIGN KEY (`permission_id`) REFERENCES `auth_permission` (`id`),
  CONSTRAINT `auth_group_permissions_group_id_b120cbf9_fk_auth_group_id` FOREIGN KEY (`group_id`) REFERENCES `auth_group` (`id`)
) ENGINE=InnoDB DEFAULT CHARSET=utf8mb4 COLLATE=utf8mb4_0900_ai_ci;
/*!40101 SET character_set_client = @saved_cs_client */;

--
-- Dumping data for table `auth_group_permissions`
--

LOCK TABLES `auth_group_permissions` WRITE;
/*!40000 ALTER TABLE `auth_group_permissions` DISABLE KEYS */;
/*!40000 ALTER TABLE `auth_group_permissions` ENABLE KEYS */;
UNLOCK TABLES;

--
-- Table structure for table `auth_permission`
--

DROP TABLE IF EXISTS `auth_permission`;
/*!40101 SET @saved_cs_client     = @@character_set_client */;
/*!50503 SET character_set_client = utf8mb4 */;
CREATE TABLE `auth_permission` (
  `id` int NOT NULL AUTO_INCREMENT,
  `name` varchar(255) NOT NULL,
  `content_type_id` int NOT NULL,
  `codename` varchar(100) NOT NULL,
  PRIMARY KEY (`id`),
  UNIQUE KEY `auth_permission_content_type_id_codename_01ab375a_uniq` (`content_type_id`,`codename`),
  CONSTRAINT `auth_permission_content_type_id_2f476e4b_fk_django_co` FOREIGN KEY (`content_type_id`) REFERENCES `django_content_type` (`id`)
) ENGINE=InnoDB AUTO_INCREMENT=137 DEFAULT CHARSET=utf8mb4 COLLATE=utf8mb4_0900_ai_ci;
/*!40101 SET character_set_client = @saved_cs_client */;

--
-- Dumping data for table `auth_permission`
--

LOCK TABLES `auth_permission` WRITE;
/*!40000 ALTER TABLE `auth_permission` DISABLE KEYS */;
INSERT INTO `auth_permission` VALUES (1,'Can add log entry',1,'add_logentry'),(2,'Can change log entry',1,'change_logentry'),(3,'Can delete log entry',1,'delete_logentry'),(4,'Can view log entry',1,'view_logentry'),(5,'Can add permission',2,'add_permission'),(6,'Can change permission',2,'change_permission'),(7,'Can delete permission',2,'delete_permission'),(8,'Can view permission',2,'view_permission'),(9,'Can add group',3,'add_group'),(10,'Can change group',3,'change_group'),(11,'Can delete group',3,'delete_group'),(12,'Can view group',3,'view_group'),(13,'Can add content type',4,'add_contenttype'),(14,'Can change content type',4,'change_contenttype'),(15,'Can delete content type',4,'delete_contenttype'),(16,'Can view content type',4,'view_contenttype'),(17,'Can add session',5,'add_session'),(18,'Can change session',5,'change_session'),(19,'Can delete session',5,'delete_session'),(20,'Can view session',5,'view_session'),(21,'Can add user',6,'add_user'),(22,'Can change user',6,'change_user'),(23,'Can delete user',6,'delete_user'),(24,'Can view user',6,'view_user'),(25,'Can add employee',7,'add_employee'),(26,'Can change employee',7,'change_employee'),(27,'Can delete employee',7,'delete_employee'),(28,'Can view employee',7,'view_employee'),(29,'Can add education record',8,'add_educationrecord'),(30,'Can change education record',8,'change_educationrecord'),(31,'Can delete education record',8,'delete_educationrecord'),(32,'Can view education record',8,'view_educationrecord'),(33,'Can add work experience',9,'add_workexperience'),(34,'Can change work experience',9,'change_workexperience'),(35,'Can delete work experience',9,'delete_workexperience'),(36,'Can view work experience',9,'view_workexperience'),(37,'Can add department',10,'add_department'),(38,'Can change department',10,'change_department'),(39,'Can delete department',10,'delete_department'),(40,'Can view department',10,'view_department'),(41,'Can add position',11,'add_position'),(42,'Can change position',11,'change_position'),(43,'Can delete position',11,'delete_position'),(44,'Can view position',11,'view_position'),(45,'Can add attendance record',12,'add_attendancerecord'),(46,'Can change attendance record',12,'change_attendancerecord'),(47,'Can delete attendance record',12,'delete_attendancerecord'),(48,'Can view attendance record',12,'view_attendancerecord'),(49,'Can add holiday',13,'add_holiday'),(50,'Can change holiday',13,'change_holiday'),(51,'Can delete holiday',13,'delete_holiday'),(52,'Can view holiday',13,'view_holiday'),(53,'Can add work schedule',14,'add_workschedule'),(54,'Can change work schedule',14,'change_workschedule'),(55,'Can delete work schedule',14,'delete_workschedule'),(56,'Can view work schedule',14,'view_workschedule'),(57,'Can add leave type',15,'add_leavetype'),(58,'Can change leave type',15,'change_leavetype'),(59,'Can delete leave type',15,'delete_leavetype'),(60,'Can view leave type',15,'view_leavetype'),(61,'Can add leave request',16,'add_leaverequest'),(62,'Can change leave request',16,'change_leaverequest'),(63,'Can delete leave request',16,'delete_leaverequest'),(64,'Can view leave request',16,'view_leaverequest'),(65,'Can add leave approval workflow',17,'add_leaveapprovalworkflow'),(66,'Can change leave approval workflow',17,'change_leaveapprovalworkflow'),(67,'Can delete leave approval workflow',17,'delete_leaveapprovalworkflow'),(68,'Can view leave approval workflow',17,'view_leaveapprovalworkflow'),(69,'Can add leave balance',18,'add_leavebalance'),(70,'Can change leave balance',18,'change_leavebalance'),(71,'Can delete leave balance',18,'delete_leavebalance'),(72,'Can view leave balance',18,'view_leavebalance'),(73,'Can add allowance type',19,'add_allowancetype'),(74,'Can change allowance type',19,'change_allowancetype'),(75,'Can delete allowance type',19,'delete_allowancetype'),(76,'Can view allowance type',19,'view_allowancetype'),(77,'Can add payroll period',20,'add_payrollperiod'),(78,'Can change payroll period',20,'change_payrollperiod'),(79,'Can delete payroll period',20,'delete_payrollperiod'),(80,'Can view payroll period',20,'view_payrollperiod'),(81,'Can add bonus',21,'add_bonus'),(82,'Can change bonus',21,'change_bonus'),(83,'Can delete bonus',21,'delete_bonus'),(84,'Can view bonus',21,'view_bonus'),(85,'Can add employee allowance',22,'add_employeeallowance'),(86,'Can change employee allowance',22,'change_employeeallowance'),(87,'Can delete employee allowance',22,'delete_employeeallowance'),(88,'Can view employee allowance',22,'view_employeeallowance'),(89,'Can add payslip',23,'add_payslip'),(90,'Can change payslip',23,'change_payslip'),(91,'Can delete payslip',23,'delete_payslip'),(92,'Can view payslip',23,'view_payslip'),(93,'Can add candidate',24,'add_candidate'),(94,'Can change candidate',24,'change_candidate'),(95,'Can delete candidate',24,'delete_candidate'),(96,'Can view candidate',24,'view_candidate'),(97,'Can add application',25,'add_application'),(98,'Can change application',25,'change_application'),(99,'Can delete application',25,'delete_application'),(100,'Can view application',25,'view_application'),(101,'Can add interview',26,'add_interview'),(102,'Can change interview',26,'change_interview'),(103,'Can delete interview',26,'delete_interview'),(104,'Can view interview',26,'view_interview'),(105,'Can add job posting',27,'add_jobposting'),(106,'Can change job posting',27,'change_jobposting'),(107,'Can delete job posting',27,'delete_jobposting'),(108,'Can view job posting',27,'view_jobposting'),(109,'Can add offer',28,'add_offer'),(110,'Can change offer',28,'change_offer'),(111,'Can delete offer',28,'delete_offer'),(112,'Can view offer',28,'view_offer'),(113,'Can add performance review cycle',29,'add_performancereviewcycle'),(114,'Can change performance review cycle',29,'change_performancereviewcycle'),(115,'Can delete performance review cycle',29,'delete_performancereviewcycle'),(116,'Can view performance review cycle',29,'view_performancereviewcycle'),(117,'Can add training program',30,'add_trainingprogram'),(118,'Can change training program',30,'change_trainingprogram'),(119,'Can delete training program',30,'delete_trainingprogram'),(120,'Can view training program',30,'view_trainingprogram'),(121,'Can add feedback',31,'add_feedback'),(122,'Can change feedback',31,'change_feedback'),(123,'Can delete feedback',31,'delete_feedback'),(124,'Can view feedback',31,'view_feedback'),(125,'Can add goal',32,'add_goal'),(126,'Can change goal',32,'change_goal'),(127,'Can delete goal',32,'delete_goal'),(128,'Can view goal',32,'view_goal'),(129,'Can add performance review',33,'add_performancereview'),(130,'Can change performance review',33,'change_performancereview'),(131,'Can delete performance review',33,'delete_performancereview'),(132,'Can view performance review',33,'view_performancereview'),(133,'Can add training enrollment',34,'add_trainingenrollment'),(134,'Can change training enrollment',34,'change_trainingenrollment'),(135,'Can delete training enrollment',34,'delete_trainingenrollment'),(136,'Can view training enrollment',34,'view_trainingenrollment');
/*!40000 ALTER TABLE `auth_permission` ENABLE KEYS */;
UNLOCK TABLES;

--
-- Table structure for table `bonuses`
--

DROP TABLE IF EXISTS `bonuses`;
/*!40101 SET @saved_cs_client     = @@character_set_client */;
/*!50503 SET character_set_client = utf8mb4 */;
CREATE TABLE `bonuses` (
  `id` bigint NOT NULL AUTO_INCREMENT,
  `bonus_type` varchar(20) NOT NULL,
  `amount` decimal(10,2) NOT NULL,
  `reason` longtext NOT NULL,
  `payment_date` date NOT NULL,
  `is_paid` tinyint(1) NOT NULL,
  `created_at` datetime(6) NOT NULL,
  `updated_at` datetime(6) NOT NULL,
  `employee_id` bigint NOT NULL,
  PRIMARY KEY (`id`),
  KEY `bonuses_employee_id_a76d0a99_fk_employees_id` (`employee_id`),
  CONSTRAINT `bonuses_employee_id_a76d0a99_fk_employees_id` FOREIGN KEY (`employee_id`) REFERENCES `employees` (`id`)
) ENGINE=InnoDB DEFAULT CHARSET=utf8mb4 COLLATE=utf8mb4_0900_ai_ci;
/*!40101 SET character_set_client = @saved_cs_client */;

--
-- Dumping data for table `bonuses`
--

LOCK TABLES `bonuses` WRITE;
/*!40000 ALTER TABLE `bonuses` DISABLE KEYS */;
/*!40000 ALTER TABLE `bonuses` ENABLE KEYS */;
UNLOCK TABLES;

--
-- Table structure for table `candidates`
--

DROP TABLE IF EXISTS `candidates`;
/*!40101 SET @saved_cs_client     = @@character_set_client */;
/*!50503 SET character_set_client = utf8mb4 */;
CREATE TABLE `candidates` (
  `id` bigint NOT NULL AUTO_INCREMENT,
  `first_name` varchar(100) NOT NULL,
  `last_name` varchar(100) NOT NULL,
  `email` varchar(254) NOT NULL,
  `phone` varchar(15) NOT NULL,
  `current_company` varchar(200) NOT NULL,
  `current_position` varchar(100) NOT NULL,
  `total_experience_years` int NOT NULL,
  `resume` varchar(100) NOT NULL,
  `cover_letter` longtext NOT NULL,
  `portfolio_url` varchar(200) NOT NULL,
  `linkedin_url` varchar(200) NOT NULL,
  `created_at` datetime(6) NOT NULL,
  `updated_at` datetime(6) NOT NULL,
  PRIMARY KEY (`id`),
  UNIQUE KEY `email` (`email`)
) ENGINE=InnoDB AUTO_INCREMENT=16 DEFAULT CHARSET=utf8mb4 COLLATE=utf8mb4_0900_ai_ci;
/*!40101 SET character_set_client = @saved_cs_client */;

--
-- Dumping data for table `candidates`
--

LOCK TABLES `candidates` WRITE;
/*!40000 ALTER TABLE `candidates` DISABLE KEYS */;
INSERT INTO `candidates` VALUES (1,'John','Brown','john.brown@email.com','+1-555-857-6039','Tech Corp','Developer',9,'','','','','2025-10-13 09:10:14.325125','2025-10-13 09:10:14.325168'),(2,'Joshua','Jones','joshua.jones@email.com','+1-555-228-3153','Tech Corp','Developer',8,'','','','','2025-10-13 09:10:14.339295','2025-10-13 09:10:14.339323'),(3,'Helen','Lee','helen.lee@email.com','+1-555-320-3838','Tech Corp','Developer',3,'','','','','2025-10-13 09:10:14.346087','2025-10-13 09:10:14.346122'),(4,'Ashley','White','ashley.white@email.com','+1-555-528-6283','Tech Corp','Developer',2,'','','','','2025-10-13 09:10:14.351904','2025-10-13 09:10:14.351948'),(5,'Nancy','Thomas','nancy.thomas@email.com','+1-555-539-5184','Tech Corp','Developer',3,'','','','','2025-10-13 09:10:14.355991','2025-10-13 09:10:14.356018'),(6,'Patricia','Gonzalez','patricia.gonzalez@email.com','+1-555-897-6561','Tech Corp','Developer',9,'','','','','2025-10-13 09:10:14.360050','2025-10-13 09:10:14.360072'),(7,'Donna','Garcia','donna.garcia@email.com','+1-555-939-7698','Tech Corp','Developer',3,'','','','','2025-10-13 09:10:14.364040','2025-10-13 09:10:14.364065'),(8,'Thomas','Gonzalez','thomas.gonzalez@email.com','+1-555-180-3013','Tech Corp','Developer',1,'','','','','2025-10-13 09:10:14.368081','2025-10-13 09:10:14.368105'),(9,'Emily','Harris','emily.harris@email.com','+1-555-624-2795','Tech Corp','Developer',5,'','','','','2025-10-13 09:10:14.372045','2025-10-13 09:10:14.372069'),(10,'Thomas','Hernandez','thomas.hernandez@email.com','+1-555-654-4655','Tech Corp','Developer',5,'','','','','2025-10-13 09:10:14.375936','2025-10-13 09:10:14.375960'),(11,'Sandra','Wilson','sandra.wilson@email.com','+1-555-286-4710','Tech Corp','Developer',10,'','','','','2025-10-13 09:10:14.379784','2025-10-13 09:10:14.379808'),(12,'Helen','Lopez','helen.lopez@email.com','+1-555-417-8114','Tech Corp','Developer',4,'','','','','2025-10-13 09:10:14.383764','2025-10-13 09:10:14.383790'),(13,'Ashley','Wilson','ashley.wilson@email.com','+1-555-123-3058','Tech Corp','Developer',6,'','','','','2025-10-13 09:10:14.388840','2025-10-13 09:10:14.388868'),(14,'Jessica','Martin','jessica.martin@email.com','+1-555-814-5460','Tech Corp','Developer',9,'','','','','2025-10-13 09:10:14.392696','2025-10-13 09:10:14.392722'),(15,'Matthew','White','matthew.white@email.com','+1-555-285-5394','Tech Corp','Developer',5,'','','','','2025-10-13 09:10:14.396478','2025-10-13 09:10:14.396503');
/*!40000 ALTER TABLE `candidates` ENABLE KEYS */;
UNLOCK TABLES;

--
-- Table structure for table `departments`
--

DROP TABLE IF EXISTS `departments`;
/*!40101 SET @saved_cs_client     = @@character_set_client */;
/*!50503 SET character_set_client = utf8mb4 */;
CREATE TABLE `departments` (
  `id` bigint NOT NULL AUTO_INCREMENT,
  `name` varchar(100) NOT NULL,
  `description` longtext NOT NULL,
  `created_at` datetime(6) NOT NULL,
  `updated_at` datetime(6) NOT NULL,
  `is_active` tinyint(1) NOT NULL,
  `manager_id` bigint DEFAULT NULL,
  PRIMARY KEY (`id`),
  UNIQUE KEY `name` (`name`),
  KEY `departments_manager_id_326f7904_fk_users_id` (`manager_id`),
  CONSTRAINT `departments_manager_id_326f7904_fk_users_id` FOREIGN KEY (`manager_id`) REFERENCES `users` (`id`)
) ENGINE=InnoDB AUTO_INCREMENT=7 DEFAULT CHARSET=utf8mb4 COLLATE=utf8mb4_0900_ai_ci;
/*!40101 SET character_set_client = @saved_cs_client */;

--
-- Dumping data for table `departments`
--

LOCK TABLES `departments` WRITE;
/*!40000 ALTER TABLE `departments` DISABLE KEYS */;
INSERT INTO `departments` VALUES (1,'Engineering','Software development and engineering','2025-10-13 09:09:10.365754','2025-10-13 09:10:11.224634',1,2),(2,'Marketing','Marketing and brand management','2025-10-13 09:09:10.383514','2025-10-13 09:10:11.269428',1,11),(3,'Sales','Sales and business development','2025-10-13 09:09:10.392960','2025-10-13 09:10:11.316827',1,20),(4,'Human Resources','HR and talent management','2025-10-13 09:09:10.402897','2025-10-13 09:10:11.367618',1,32),(5,'Finance','Finance and accounting','2025-10-13 09:09:10.412331','2025-10-13 09:10:11.419526',1,42),(6,'Operations','Operations and logistics','2025-10-13 09:09:10.417698','2025-10-13 09:10:11.451564',1,50);
/*!40000 ALTER TABLE `departments` ENABLE KEYS */;
UNLOCK TABLES;

--
-- Table structure for table `django_admin_log`
--

DROP TABLE IF EXISTS `django_admin_log`;
/*!40101 SET @saved_cs_client     = @@character_set_client */;
/*!50503 SET character_set_client = utf8mb4 */;
CREATE TABLE `django_admin_log` (
  `id` int NOT NULL AUTO_INCREMENT,
  `action_time` datetime(6) NOT NULL,
  `object_id` longtext,
  `object_repr` varchar(200) NOT NULL,
  `action_flag` smallint unsigned NOT NULL,
  `change_message` longtext NOT NULL,
  `content_type_id` int DEFAULT NULL,
  `user_id` bigint NOT NULL,
  PRIMARY KEY (`id`),
  KEY `django_admin_log_content_type_id_c4bce8eb_fk_django_co` (`content_type_id`),
  KEY `django_admin_log_user_id_c564eba6_fk_users_id` (`user_id`),
  CONSTRAINT `django_admin_log_content_type_id_c4bce8eb_fk_django_co` FOREIGN KEY (`content_type_id`) REFERENCES `django_content_type` (`id`),
  CONSTRAINT `django_admin_log_user_id_c564eba6_fk_users_id` FOREIGN KEY (`user_id`) REFERENCES `users` (`id`),
  CONSTRAINT `django_admin_log_chk_1` CHECK ((`action_flag` >= 0))
) ENGINE=InnoDB DEFAULT CHARSET=utf8mb4 COLLATE=utf8mb4_0900_ai_ci;
/*!40101 SET character_set_client = @saved_cs_client */;

--
-- Dumping data for table `django_admin_log`
--

LOCK TABLES `django_admin_log` WRITE;
/*!40000 ALTER TABLE `django_admin_log` DISABLE KEYS */;
/*!40000 ALTER TABLE `django_admin_log` ENABLE KEYS */;
UNLOCK TABLES;

--
-- Table structure for table `django_content_type`
--

DROP TABLE IF EXISTS `django_content_type`;
/*!40101 SET @saved_cs_client     = @@character_set_client */;
/*!50503 SET character_set_client = utf8mb4 */;
CREATE TABLE `django_content_type` (
  `id` int NOT NULL AUTO_INCREMENT,
  `app_label` varchar(100) NOT NULL,
  `model` varchar(100) NOT NULL,
  PRIMARY KEY (`id`),
  UNIQUE KEY `django_content_type_app_label_model_76bd3d3b_uniq` (`app_label`,`model`)
) ENGINE=InnoDB AUTO_INCREMENT=35 DEFAULT CHARSET=utf8mb4 COLLATE=utf8mb4_0900_ai_ci;
/*!40101 SET character_set_client = @saved_cs_client */;

--
-- Dumping data for table `django_content_type`
--

LOCK TABLES `django_content_type` WRITE;
/*!40000 ALTER TABLE `django_content_type` DISABLE KEYS */;
INSERT INTO `django_content_type` VALUES (1,'admin','logentry'),(12,'attendance','attendancerecord'),(13,'attendance','holiday'),(14,'attendance','workschedule'),(3,'auth','group'),(2,'auth','permission'),(6,'authentication','user'),(4,'contenttypes','contenttype'),(10,'departments','department'),(11,'departments','position'),(8,'employees','educationrecord'),(7,'employees','employee'),(9,'employees','workexperience'),(17,'leave_management','leaveapprovalworkflow'),(18,'leave_management','leavebalance'),(16,'leave_management','leaverequest'),(15,'leave_management','leavetype'),(19,'payroll','allowancetype'),(21,'payroll','bonus'),(22,'payroll','employeeallowance'),(20,'payroll','payrollperiod'),(23,'payroll','payslip'),(31,'performance','feedback'),(32,'performance','goal'),(33,'performance','performancereview'),(29,'performance','performancereviewcycle'),(34,'performance','trainingenrollment'),(30,'performance','trainingprogram'),(25,'recruitment','application'),(24,'recruitment','candidate'),(26,'recruitment','interview'),(27,'recruitment','jobposting'),(28,'recruitment','offer'),(5,'sessions','session');
/*!40000 ALTER TABLE `django_content_type` ENABLE KEYS */;
UNLOCK TABLES;

--
-- Table structure for table `django_migrations`
--

DROP TABLE IF EXISTS `django_migrations`;
/*!40101 SET @saved_cs_client     = @@character_set_client */;
/*!50503 SET character_set_client = utf8mb4 */;
CREATE TABLE `django_migrations` (
  `id` bigint NOT NULL AUTO_INCREMENT,
  `app` varchar(255) NOT NULL,
  `name` varchar(255) NOT NULL,
  `applied` datetime(6) NOT NULL,
  PRIMARY KEY (`id`)
) ENGINE=InnoDB AUTO_INCREMENT=28 DEFAULT CHARSET=utf8mb4 COLLATE=utf8mb4_0900_ai_ci;
/*!40101 SET character_set_client = @saved_cs_client */;

--
-- Dumping data for table `django_migrations`
--

LOCK TABLES `django_migrations` WRITE;
/*!40000 ALTER TABLE `django_migrations` DISABLE KEYS */;
INSERT INTO `django_migrations` VALUES (1,'contenttypes','0001_initial','2025-10-11 12:11:17.280703'),(2,'contenttypes','0002_remove_content_type_name','2025-10-11 12:11:17.541838'),(3,'auth','0001_initial','2025-10-11 12:11:18.266975'),(4,'auth','0002_alter_permission_name_max_length','2025-10-11 12:11:18.390866'),(5,'auth','0003_alter_user_email_max_length','2025-10-11 12:11:18.400045'),(6,'auth','0004_alter_user_username_opts','2025-10-11 12:11:18.412974'),(7,'auth','0005_alter_user_last_login_null','2025-10-11 12:11:18.427004'),(8,'auth','0006_require_contenttypes_0002','2025-10-11 12:11:18.431690'),(9,'auth','0007_alter_validators_add_error_messages','2025-10-11 12:11:18.461421'),(10,'auth','0008_alter_user_username_max_length','2025-10-11 12:11:18.476819'),(11,'auth','0009_alter_user_last_name_max_length','2025-10-11 12:11:18.492747'),(12,'auth','0010_alter_group_name_max_length','2025-10-11 12:11:18.522009'),(13,'auth','0011_update_proxy_permissions','2025-10-11 12:11:18.532811'),(14,'auth','0012_alter_user_first_name_max_length','2025-10-11 12:11:18.544958'),(15,'authentication','0001_initial','2025-10-11 12:11:19.052366'),(16,'admin','0001_initial','2025-10-11 12:11:19.264015'),(17,'admin','0002_logentry_remove_auto_add','2025-10-11 12:11:19.279124'),(18,'admin','0003_logentry_add_action_flag_choices','2025-10-11 12:11:19.291607'),(19,'departments','0001_initial','2025-10-11 12:11:19.558558'),(20,'employees','0001_initial','2025-10-11 12:11:20.319064'),(21,'attendance','0001_initial','2025-10-11 12:11:20.419329'),(22,'attendance','0002_initial','2025-10-11 12:11:20.683869'),(23,'leave_management','0001_initial','2025-10-11 12:11:21.541406'),(24,'payroll','0001_initial','2025-10-11 12:11:22.230666'),(25,'performance','0001_initial','2025-10-11 12:11:23.441918'),(26,'recruitment','0001_initial','2025-10-11 12:11:24.771768'),(27,'sessions','0001_initial','2025-10-11 12:11:24.841806');
/*!40000 ALTER TABLE `django_migrations` ENABLE KEYS */;
UNLOCK TABLES;

--
-- Table structure for table `django_session`
--

DROP TABLE IF EXISTS `django_session`;
/*!40101 SET @saved_cs_client     = @@character_set_client */;
/*!50503 SET character_set_client = utf8mb4 */;
CREATE TABLE `django_session` (
  `session_key` varchar(40) NOT NULL,
  `session_data` longtext NOT NULL,
  `expire_date` datetime(6) NOT NULL,
  PRIMARY KEY (`session_key`),
  KEY `django_session_expire_date_a5c62663` (`expire_date`)
) ENGINE=InnoDB DEFAULT CHARSET=utf8mb4 COLLATE=utf8mb4_0900_ai_ci;
/*!40101 SET character_set_client = @saved_cs_client */;

--
-- Dumping data for table `django_session`
--

LOCK TABLES `django_session` WRITE;
/*!40000 ALTER TABLE `django_session` DISABLE KEYS */;
INSERT INTO `django_session` VALUES ('pn4k0u459e8lxg3ljpupdfys8m2kohh2','.eJxVjMsOwiAQRf-FtSG8YVy69xvIAKNUDSSlXRn_3TbpQrf3nHPfLOK61LgOmuNU2JlJdvrdEuYntR2UB7Z757m3ZZ4S3xV-0MGvvdDrcrh_BxVH3WqCoMBRUsKAQxKejLEpQ7AByIHGrJwEW4wF7W-ChLJFGh-C3qJskX2-w_83CA:1v8CJp:Nc2Q7S2MUqsCbG5dHy3Jqq9TGKe5yA9nAJiNOY_iuOo','2025-10-27 06:46:05.451017');
/*!40000 ALTER TABLE `django_session` ENABLE KEYS */;
UNLOCK TABLES;

--
-- Table structure for table `education_records`
--

DROP TABLE IF EXISTS `education_records`;
/*!40101 SET @saved_cs_client     = @@character_set_client */;
/*!50503 SET character_set_client = utf8mb4 */;
CREATE TABLE `education_records` (
  `id` bigint NOT NULL AUTO_INCREMENT,
  `institution` varchar(200) NOT NULL,
  `degree` varchar(20) NOT NULL,
  `field_of_study` varchar(100) NOT NULL,
  `start_date` date NOT NULL,
  `end_date` date DEFAULT NULL,
  `grade` varchar(20) NOT NULL,
  `created_at` datetime(6) NOT NULL,
  `updated_at` datetime(6) NOT NULL,
  `employee_id` bigint NOT NULL,
  PRIMARY KEY (`id`),
  KEY `education_records_employee_id_d34eb33e_fk_employees_id` (`employee_id`),
  CONSTRAINT `education_records_employee_id_d34eb33e_fk_employees_id` FOREIGN KEY (`employee_id`) REFERENCES `employees` (`id`)
) ENGINE=InnoDB DEFAULT CHARSET=utf8mb4 COLLATE=utf8mb4_0900_ai_ci;
/*!40101 SET character_set_client = @saved_cs_client */;

--
-- Dumping data for table `education_records`
--

LOCK TABLES `education_records` WRITE;
/*!40000 ALTER TABLE `education_records` DISABLE KEYS */;
/*!40000 ALTER TABLE `education_records` ENABLE KEYS */;
UNLOCK TABLES;

--
-- Table structure for table `employee_allowances`
--

DROP TABLE IF EXISTS `employee_allowances`;
/*!40101 SET @saved_cs_client     = @@character_set_client */;
/*!50503 SET character_set_client = utf8mb4 */;
CREATE TABLE `employee_allowances` (
  `id` bigint NOT NULL AUTO_INCREMENT,
  `amount` decimal(10,2) NOT NULL,
  `effective_from` date NOT NULL,
  `effective_to` date DEFAULT NULL,
  `created_at` datetime(6) NOT NULL,
  `updated_at` datetime(6) NOT NULL,
  `allowance_type_id` bigint NOT NULL,
  `employee_id` bigint NOT NULL,
  PRIMARY KEY (`id`),
  KEY `employee_allowances_allowance_type_id_3cc8e6e4_fk_allowance` (`allowance_type_id`),
  KEY `employee_allowances_employee_id_120f331d_fk_employees_id` (`employee_id`),
  CONSTRAINT `employee_allowances_allowance_type_id_3cc8e6e4_fk_allowance` FOREIGN KEY (`allowance_type_id`) REFERENCES `allowance_types` (`id`),
  CONSTRAINT `employee_allowances_employee_id_120f331d_fk_employees_id` FOREIGN KEY (`employee_id`) REFERENCES `employees` (`id`)
) ENGINE=InnoDB DEFAULT CHARSET=utf8mb4 COLLATE=utf8mb4_0900_ai_ci;
/*!40101 SET character_set_client = @saved_cs_client */;

--
-- Dumping data for table `employee_allowances`
--

LOCK TABLES `employee_allowances` WRITE;
/*!40000 ALTER TABLE `employee_allowances` DISABLE KEYS */;
/*!40000 ALTER TABLE `employee_allowances` ENABLE KEYS */;
UNLOCK TABLES;

--
-- Table structure for table `employees`
--

DROP TABLE IF EXISTS `employees`;
/*!40101 SET @saved_cs_client     = @@character_set_client */;
/*!50503 SET character_set_client = utf8mb4 */;
CREATE TABLE `employees` (
  `id` bigint NOT NULL AUTO_INCREMENT,
  `employee_id` varchar(20) NOT NULL,
  `date_of_birth` date NOT NULL,
  `gender` varchar(1) NOT NULL,
  `marital_status` varchar(10) NOT NULL,
  `nationality` varchar(50) NOT NULL,
  `personal_email` varchar(254) NOT NULL,
  `emergency_contact_name` varchar(100) NOT NULL,
  `emergency_contact_phone` varchar(15) NOT NULL,
  `emergency_contact_relation` varchar(50) NOT NULL,
  `address_line1` varchar(255) NOT NULL,
  `address_line2` varchar(255) NOT NULL,
  `city` varchar(100) NOT NULL,
  `state` varchar(100) NOT NULL,
  `postal_code` varchar(20) NOT NULL,
  `country` varchar(100) NOT NULL,
  `employment_type` varchar(20) NOT NULL,
  `date_of_joining` date NOT NULL,
  `date_of_leaving` date DEFAULT NULL,
  `probation_period_months` int NOT NULL,
  `notice_period_days` int NOT NULL,
  `basic_salary` decimal(10,2) NOT NULL,
  `currency` varchar(3) NOT NULL,
  `resume` varchar(100) DEFAULT NULL,
  `id_document` varchar(100) DEFAULT NULL,
  `is_active` tinyint(1) NOT NULL,
  `created_at` datetime(6) NOT NULL,
  `updated_at` datetime(6) NOT NULL,
  `department_id` bigint DEFAULT NULL,
  `manager_id` bigint DEFAULT NULL,
  `position_id` bigint DEFAULT NULL,
  `user_id` bigint NOT NULL,
  PRIMARY KEY (`id`),
  UNIQUE KEY `employee_id` (`employee_id`),
  UNIQUE KEY `user_id` (`user_id`),
  KEY `employees_department_id_e0a596e3_fk_departments_id` (`department_id`),
  KEY `employees_manager_id_0674f795_fk_employees_id` (`manager_id`),
  KEY `employees_position_id_ae4fa2b1_fk_positions_id` (`position_id`),
  CONSTRAINT `employees_department_id_e0a596e3_fk_departments_id` FOREIGN KEY (`department_id`) REFERENCES `departments` (`id`),
  CONSTRAINT `employees_manager_id_0674f795_fk_employees_id` FOREIGN KEY (`manager_id`) REFERENCES `employees` (`id`),
  CONSTRAINT `employees_position_id_ae4fa2b1_fk_positions_id` FOREIGN KEY (`position_id`) REFERENCES `positions` (`id`),
  CONSTRAINT `employees_user_id_c7f7a3f4_fk_users_id` FOREIGN KEY (`user_id`) REFERENCES `users` (`id`)
) ENGINE=InnoDB AUTO_INCREMENT=59 DEFAULT CHARSET=utf8mb4 COLLATE=utf8mb4_0900_ai_ci;
/*!40101 SET character_set_client = @saved_cs_client */;

--
-- Dumping data for table `employees`
--

LOCK TABLES `employees` WRITE;
/*!40000 ALTER TABLE `employees` DISABLE KEYS */;
INSERT INTO `employees` VALUES (1,'EMP0001','1999-07-02','M','MARRIED','USA','patriciathomas@gmail.com','Jessica Wilson','+1-555-744-3921','Spouse','168 Main Street','','Dallas','CA','78834','USA','FULL_TIME','2023-08-13',NULL,3,30,64242.00,'USD','','',1,'2025-10-13 09:09:11.931921','2025-10-13 09:09:11.931974',1,NULL,3,2),(2,'EMP0002','1995-06-26','M','MARRIED','USA','ashleymartin@gmail.com','Karen Smith','+1-555-212-4853','Sibling','3106 Main Street','','Los Angeles','CA','66364','USA','CONTRACT','2025-08-18',NULL,3,30,84691.00,'USD','','',0,'2025-10-13 09:09:13.133909','2025-10-13 09:09:13.133928',1,NULL,3,3),(3,'EMP0003','1980-12-28','M','MARRIED','USA','emilytaylor@gmail.com','Thomas Martinez','+1-555-612-5001','Sibling','474 Main Street','','Chicago','CA','71031','USA','FULL_TIME','2025-05-08',NULL,3,30,71741.00,'USD','','',1,'2025-10-13 09:09:14.321503','2025-10-13 09:10:11.231564',1,1,4,4),(4,'EMP0004','1994-11-28','F','SINGLE','USA','lindajones@gmail.com','Donna Miller','+1-555-544-2219','Sibling','4284 Main Street','','Los Angeles','CA','90512','USA','FULL_TIME','2023-12-22',NULL,3,30,53210.00,'USD','','',0,'2025-10-13 09:09:15.703861','2025-10-13 09:09:15.703879',1,NULL,4,5),(5,'EMP0005','1985-10-27','M','SINGLE','USA','johnjones@gmail.com','Helen Davis','+1-555-507-9709','Spouse','3873 Main Street','','Los Angeles','CA','93597','USA','FULL_TIME','2024-04-27',NULL,3,30,60560.00,'USD','','',1,'2025-10-13 09:09:16.927631','2025-10-13 09:10:11.236643',1,1,1,6),(6,'EMP0006','1985-04-13','F','MARRIED','USA','danielwilson@gmail.com','David Gonzalez','+1-555-928-8519','Parent','4584 Main Street','','Phoenix','CA','56766','USA','FULL_TIME','2023-10-09',NULL,3,30,48832.00,'USD','','',1,'2025-10-13 09:09:18.067404','2025-10-13 09:10:11.241182',1,1,2,7),(7,'EMP0007','1994-07-01','M','SINGLE','USA','richardmartinez@gmail.com','Matthew Martin','+1-555-782-3784','Spouse','821 Main Street','','Los Angeles','CA','16055','USA','FULL_TIME','2023-12-22',NULL,3,30,63806.00,'USD','','',1,'2025-10-13 09:09:19.181516','2025-10-13 09:10:11.246582',1,1,4,8),(8,'EMP0008','2000-11-27','M','SINGLE','USA','jessicataylor@gmail.com','Ashley Harris','+1-555-623-6944','Sibling','7027 Main Street','','San Antonio','CA','91909','USA','FULL_TIME','2024-08-09',NULL,3,30,81308.00,'USD','','',1,'2025-10-13 09:09:20.341786','2025-10-13 09:10:11.251137',1,1,2,9),(9,'EMP0009','1997-11-15','F','SINGLE','USA','patriciasmith@gmail.com','Thomas Anderson','+1-555-229-4111','Spouse','1690 Main Street','','San Antonio','CA','50247','USA','CONTRACT','2025-08-19',NULL,3,30,144500.00,'USD','','',1,'2025-10-13 09:09:21.441343','2025-10-13 09:10:11.255667',1,1,1,10),(10,'EMP0010','1999-04-16','M','SINGLE','USA','williammoore@gmail.com','Christopher Garcia','+1-555-139-9775','Parent','9469 Main Street','','Dallas','CA','68991','USA','FULL_TIME','2023-01-15',NULL,3,30,132652.00,'USD','','',1,'2025-10-13 09:09:22.595870','2025-10-13 09:09:22.595890',2,NULL,7,11),(11,'EMP0011','1986-01-08','F','MARRIED','USA','christophermartinez@gmail.com','William Rodriguez','+1-555-698-1256','Sibling','555 Main Street','','San Diego','CA','70363','USA','FULL_TIME','2024-03-16',NULL,3,30,56443.00,'USD','','',1,'2025-10-13 09:09:23.819157','2025-10-13 09:10:11.275414',2,10,6,12),(12,'EMP0012','1981-06-17','M','SINGLE','USA','jamesgonzalez@gmail.com','Nancy Thomas','+1-555-215-8345','Sibling','5029 Main Street','','Los Angeles','CA','50904','USA','CONTRACT','2024-02-07',NULL,3,30,136019.00,'USD','','',1,'2025-10-13 09:09:25.058946','2025-10-13 09:10:11.279970',2,10,6,13),(13,'EMP0013','1995-03-17','M','MARRIED','USA','williamharris@gmail.com','Joshua White','+1-555-133-4416','Sibling','7515 Main Street','','Philadelphia','CA','13537','USA','PART_TIME','2023-09-04',NULL,3,30,46486.00,'USD','','',1,'2025-10-13 09:09:26.045569','2025-10-13 09:10:11.287053',2,10,5,14),(14,'EMP0014','1998-11-05','F','SINGLE','USA','karenmiller@gmail.com','Lisa Brown','+1-555-148-8713','Parent','3157 Main Street','','Philadelphia','CA','69634','USA','FULL_TIME','2025-07-06',NULL,3,30,134045.00,'USD','','',0,'2025-10-13 09:09:26.996630','2025-10-13 09:09:26.996648',2,NULL,5,15),(15,'EMP0015','1986-07-19','M','SINGLE','USA','ashleyanderson@gmail.com','Ryan Gonzalez','+1-555-708-2172','Parent','6344 Main Street','','San Jose','CA','88094','USA','FULL_TIME','2025-09-12',NULL,3,30,147384.00,'USD','','',1,'2025-10-13 09:09:27.946324','2025-10-13 09:10:11.291645',2,10,6,16),(16,'EMP0016','1986-09-03','F','SINGLE','USA','ashleythomas@gmail.com','Jennifer White','+1-555-895-3077','Parent','5673 Main Street','','Los Angeles','CA','14687','USA','FULL_TIME','2024-06-30',NULL,3,30,131482.00,'USD','','',1,'2025-10-13 09:09:28.894718','2025-10-13 09:10:11.297214',2,10,6,17),(17,'EMP0017','1996-09-17','M','MARRIED','USA','lisalopez@gmail.com','Matthew Brown','+1-555-896-9025','Spouse','2975 Main Street','','Dallas','CA','19616','USA','CONTRACT','2023-09-01',NULL,3,30,100577.00,'USD','','',1,'2025-10-13 09:09:29.840903','2025-10-13 09:10:11.303008',2,10,7,18),(18,'EMP0018','1986-10-18','F','MARRIED','USA','donnalopez@gmail.com','Andrew Moore','+1-555-737-8267','Sibling','4367 Main Street','','San Jose','CA','61354','USA','FULL_TIME','2025-07-24',NULL,3,30,101121.00,'USD','','',0,'2025-10-13 09:09:30.906881','2025-10-13 09:09:30.906899',2,NULL,7,19),(19,'EMP0019','1980-12-11','F','MARRIED','USA','sandrahernandez@gmail.com','Jennifer Anderson','+1-555-163-4087','Spouse','1852 Main Street','','Phoenix','CA','65766','USA','CONTRACT','2025-01-28',NULL,3,30,143865.00,'USD','','',1,'2025-10-13 09:09:31.859530','2025-10-13 09:09:31.859549',3,NULL,9,20),(20,'EMP0020','1995-07-24','F','MARRIED','USA','sandramoore@gmail.com','Jessica Rodriguez','+1-555-859-6839','Spouse','6785 Main Street','','San Diego','CA','52598','USA','CONTRACT','2023-11-05',NULL,3,30,42955.00,'USD','','',1,'2025-10-13 09:09:32.815390','2025-10-13 09:10:11.324631',3,19,9,21),(21,'EMP0021','1993-05-20','F','SINGLE','USA','mariagonzalez@gmail.com','Maria Anderson','+1-555-967-7639','Spouse','1368 Main Street','','Philadelphia','CA','20203','USA','FULL_TIME','2024-07-03',NULL,3,30,88468.00,'USD','','',1,'2025-10-13 09:09:33.886575','2025-10-13 09:10:11.328962',3,19,8,22),(22,'EMP0022','1996-05-20','M','SINGLE','USA','ashleythomas@gmail.com','Linda Garcia','+1-555-214-6743','Parent','8165 Main Street','','Chicago','CA','71896','USA','FULL_TIME','2024-12-06',NULL,3,30,89932.00,'USD','','',1,'2025-10-13 09:09:34.840192','2025-10-13 09:10:11.333945',3,19,9,23),(23,'EMP0023','1983-01-12','F','SINGLE','USA','lindamoore@gmail.com','John Smith','+1-555-989-2739','Parent','5451 Main Street','','Phoenix','CA','24804','USA','PART_TIME','2023-01-28',NULL,3,30,63858.00,'USD','','',1,'2025-10-13 09:09:35.791150','2025-10-13 09:10:11.338676',3,19,9,24),(24,'EMP0024','1985-05-03','F','MARRIED','USA','mariadavis@gmail.com','Betty Hernandez','+1-555-311-6113','Sibling','6953 Main Street','','New York','CA','77165','USA','FULL_TIME','2024-07-07',NULL,3,30,116468.00,'USD','','',0,'2025-10-13 09:09:36.734456','2025-10-13 09:09:36.734475',3,NULL,10,25),(25,'EMP0025','1999-08-17','F','SINGLE','USA','ashleywilliams@gmail.com','Sandra Rodriguez','+1-555-912-1850','Spouse','2943 Main Street','','San Diego','CA','18906','USA','FULL_TIME','2024-11-18',NULL,3,30,46439.00,'USD','','',1,'2025-10-13 09:09:37.686387','2025-10-13 09:10:11.343152',3,19,10,26),(26,'EMP0026','1998-01-01','F','SINGLE','USA','jessicataylor@gmail.com','Michael Martin','+1-555-293-7187','Spouse','4584 Main Street','','New York','CA','59217','USA','FULL_TIME','2023-09-01',NULL,3,30,61809.00,'USD','','',1,'2025-10-13 09:09:38.630468','2025-10-13 09:10:11.348449',3,19,8,27),(27,'EMP0027','1985-10-22','F','SINGLE','USA','brianwilson@gmail.com','Karen Martin','+1-555-634-9824','Spouse','1400 Main Street','','Chicago','CA','17695','USA','PART_TIME','2025-04-30',NULL,3,30,104974.00,'USD','','',0,'2025-10-13 09:09:39.624680','2025-10-13 09:09:39.624701',3,NULL,8,28),(28,'EMP0028','1996-07-17','M','SINGLE','USA','emilylopez@gmail.com','Thomas Gonzalez','+1-555-461-1078','Spouse','957 Main Street','','New York','CA','33870','USA','PART_TIME','2024-05-21',NULL,3,30,72516.00,'USD','','',0,'2025-10-13 09:09:40.628487','2025-10-13 09:09:40.628506',3,NULL,9,29),(29,'EMP0029','1987-06-12','F','SINGLE','USA','christopheranderson@gmail.com','Lisa Gonzalez','+1-555-708-9331','Parent','6569 Main Street','','Chicago','CA','55527','USA','FULL_TIME','2024-07-04',NULL,3,30,124568.00,'USD','','',1,'2025-10-13 09:09:41.758716','2025-10-13 09:10:11.353012',3,19,9,30),(30,'EMP0030','1984-10-24','M','MARRIED','USA','helenmartinez@gmail.com','Betty Miller','+1-555-574-5543','Spouse','8103 Main Street','','Houston','CA','32859','USA','FULL_TIME','2023-09-02',NULL,3,30,101385.00,'USD','','',0,'2025-10-13 09:09:42.807385','2025-10-13 09:09:42.807406',3,NULL,8,31),(31,'EMP0031','1985-04-04','F','MARRIED','USA','davidjones@gmail.com','Robert Williams','+1-555-142-4653','Spouse','9011 Main Street','','Los Angeles','CA','11192','USA','FULL_TIME','2024-12-15',NULL,3,30,49081.00,'USD','','',1,'2025-10-13 09:09:43.767245','2025-10-13 09:09:43.767262',4,NULL,11,32),(32,'EMP0032','1983-06-19','M','SINGLE','USA','richardmartinez@gmail.com','Sarah Moore','+1-555-992-3707','Sibling','973 Main Street','','San Jose','CA','10955','USA','CONTRACT','2023-09-18',NULL,3,30,105392.00,'USD','','',0,'2025-10-13 09:09:44.712725','2025-10-13 09:09:44.712744',4,NULL,11,33),(33,'EMP0033','1983-06-14','M','MARRIED','USA','helenjohnson@gmail.com','Helen Anderson','+1-555-634-5595','Spouse','3031 Main Street','','Chicago','CA','66883','USA','CONTRACT','2024-05-05',NULL,3,30,138911.00,'USD','','',1,'2025-10-13 09:09:45.659298','2025-10-13 09:10:11.373640',4,31,11,34),(34,'EMP0034','1980-01-24','M','MARRIED','USA','williamlee@gmail.com','Richard Jones','+1-555-561-8323','Sibling','9737 Main Street','','San Diego','CA','42905','USA','FULL_TIME','2025-04-09',NULL,3,30,97465.00,'USD','','',1,'2025-10-13 09:09:46.610351','2025-10-13 09:10:11.378375',4,31,12,35),(35,'EMP0035','1986-08-11','M','SINGLE','USA','mariajones@gmail.com','William Davis','+1-555-656-8484','Sibling','2148 Main Street','','San Jose','CA','55415','USA','FULL_TIME','2024-10-28',NULL,3,30,59453.00,'USD','','',1,'2025-10-13 09:09:47.563734','2025-10-13 09:10:11.383092',4,31,11,36),(36,'EMP0036','1987-04-06','M','SINGLE','USA','brianjohnson@gmail.com','Emily Smith','+1-555-785-8805','Parent','4902 Main Street','','Los Angeles','CA','23592','USA','CONTRACT','2024-05-16',NULL,3,30,87677.00,'USD','','',1,'2025-10-13 09:09:48.514454','2025-10-13 09:10:11.388877',4,31,11,37),(37,'EMP0037','1989-10-20','F','MARRIED','USA','lisadavis@gmail.com','Brian Thomas','+1-555-861-9723','Spouse','9618 Main Street','','Philadelphia','CA','26419','USA','PART_TIME','2024-08-10',NULL,3,30,88411.00,'USD','','',1,'2025-10-13 09:09:49.465494','2025-10-13 09:10:11.393317',4,31,11,38),(38,'EMP0038','1980-01-16','F','SINGLE','USA','michaelmoore@gmail.com','Nancy Rodriguez','+1-555-336-5103','Sibling','4740 Main Street','','San Jose','CA','59231','USA','PART_TIME','2023-04-17',NULL,3,30,93082.00,'USD','','',1,'2025-10-13 09:09:50.411175','2025-10-13 09:10:11.398272',4,31,12,39),(39,'EMP0039','1990-08-03','F','MARRIED','USA','ryananderson@gmail.com','Jessica Hernandez','+1-555-341-5338','Spouse','9303 Main Street','','Chicago','CA','27830','USA','FULL_TIME','2023-03-07',NULL,3,30,69969.00,'USD','','',1,'2025-10-13 09:09:51.360854','2025-10-13 09:10:11.402899',4,31,11,40),(40,'EMP0040','1982-01-05','F','MARRIED','USA','emilyjones@gmail.com','Sandra Williams','+1-555-816-4758','Spouse','3714 Main Street','','San Diego','CA','81131','USA','FULL_TIME','2024-07-31',NULL,3,30,96090.00,'USD','','',1,'2025-10-13 09:09:52.309739','2025-10-13 09:10:11.407457',4,31,12,41),(41,'EMP0041','1992-04-14','F','MARRIED','USA','briangarcia@gmail.com','Ryan Harris','+1-555-919-2568','Sibling','6133 Main Street','','New York','CA','59840','USA','CONTRACT','2024-06-26',NULL,3,30,118623.00,'USD','','',1,'2025-10-13 09:09:53.256942','2025-10-13 09:09:53.256961',5,NULL,16,42),(42,'EMP0042','1993-04-05','F','MARRIED','USA','matthewmartin@gmail.com','Richard Taylor','+1-555-279-7209','Parent','6776 Main Street','','San Jose','CA','97753','USA','FULL_TIME','2023-07-20',NULL,3,30,66501.00,'USD','','',1,'2025-10-13 09:09:54.209145','2025-10-13 09:10:11.425330',5,41,14,43),(43,'EMP0043','1994-06-06','F','MARRIED','USA','jamesdavis@gmail.com','Andrew Williams','+1-555-673-2241','Sibling','8306 Main Street','','San Jose','CA','80903','USA','FULL_TIME','2024-01-13',NULL,3,30,113433.00,'USD','','',0,'2025-10-13 09:09:55.171331','2025-10-13 09:09:55.171349',5,NULL,16,44),(44,'EMP0044','1984-07-25','F','MARRIED','USA','richardmoore@gmail.com','David Lee','+1-555-239-4760','Parent','6456 Main Street','','San Jose','CA','80961','USA','FULL_TIME','2023-03-23',NULL,3,30,100398.00,'USD','','',1,'2025-10-13 09:09:56.120560','2025-10-13 09:10:11.429638',5,41,16,45),(45,'EMP0045','1987-01-28','F','MARRIED','USA','andrewwilson@gmail.com','Joshua Anderson','+1-555-949-2208','Sibling','258 Main Street','','Phoenix','CA','39308','USA','FULL_TIME','2025-04-17',NULL,3,30,63882.00,'USD','','',0,'2025-10-13 09:09:57.069207','2025-10-13 09:09:57.069226',5,NULL,14,46),(46,'EMP0046','1993-02-16','M','MARRIED','USA','andrewrodriguez@gmail.com','Christopher Smith','+1-555-664-4431','Spouse','4738 Main Street','','San Jose','CA','31053','USA','CONTRACT','2024-09-27',NULL,3,30,145542.00,'USD','','',0,'2025-10-13 09:09:58.018347','2025-10-13 09:09:58.018364',5,NULL,14,47),(47,'EMP0047','1986-06-14','F','MARRIED','USA','williamrodriguez@gmail.com','Andrew Moore','+1-555-634-1585','Spouse','9719 Main Street','','San Jose','CA','53511','USA','FULL_TIME','2024-10-23',NULL,3,30,142660.00,'USD','','',1,'2025-10-13 09:09:58.966031','2025-10-13 09:10:11.434080',5,41,14,48),(48,'EMP0048','1982-03-04','F','SINGLE','USA','ashleymiller@gmail.com','Emily Garcia','+1-555-666-8089','Spouse','4207 Main Street','','San Jose','CA','90614','USA','FULL_TIME','2023-03-27',NULL,3,30,92977.00,'USD','','',1,'2025-10-13 09:09:59.913098','2025-10-13 09:10:11.439710',5,41,14,49),(49,'EMP0049','1994-11-08','F','MARRIED','USA','lisasmith@gmail.com','William Taylor','+1-555-177-4731','Parent','3857 Main Street','','Phoenix','CA','69423','USA','FULL_TIME','2022-11-04',NULL,3,30,143282.00,'USD','','',1,'2025-10-13 09:10:01.013507','2025-10-13 09:10:01.013525',6,NULL,17,50),(50,'EMP0050','1994-09-17','F','SINGLE','USA','patriciabrown@gmail.com','Thomas Taylor','+1-555-619-6997','Spouse','1201 Main Street','','Dallas','CA','59594','USA','PART_TIME','2024-09-20',NULL,3,30,140783.00,'USD','','',0,'2025-10-13 09:10:02.127658','2025-10-13 09:10:02.127685',6,NULL,18,51),(51,'EMP0051','1985-12-08','F','MARRIED','USA','williamlopez@gmail.com','Ashley Jackson','+1-555-270-8277','Spouse','5617 Main Street','','Phoenix','CA','27329','USA','FULL_TIME','2024-07-30',NULL,3,30,81493.00,'USD','','',1,'2025-10-13 09:10:03.242883','2025-10-13 09:10:11.457433',6,49,18,52),(52,'EMP0052','1990-07-10','F','MARRIED','USA','jenniferrodriguez@gmail.com','Thomas Lee','+1-555-791-7816','Spouse','7456 Main Street','','Chicago','CA','96820','USA','FULL_TIME','2025-08-04',NULL,3,30,51237.00,'USD','','',0,'2025-10-13 09:10:04.314185','2025-10-13 09:10:04.314205',6,NULL,17,53),(53,'EMP0053','1999-02-22','M','SINGLE','USA','danieljohnson@gmail.com','James Thomas','+1-555-817-5628','Parent','9691 Main Street','','San Jose','CA','48355','USA','FULL_TIME','2025-02-20',NULL,3,30,49992.00,'USD','','',0,'2025-10-13 09:10:05.484756','2025-10-13 09:10:05.484774',6,NULL,17,54),(54,'EMP0054','1988-08-18','M','MARRIED','USA','jennifergarcia@gmail.com','Daniel Lopez','+1-555-619-4930','Parent','3087 Main Street','','New York','CA','30487','USA','CONTRACT','2023-07-13',NULL,3,30,60652.00,'USD','','',1,'2025-10-13 09:10:06.634184','2025-10-13 09:10:11.461844',6,49,17,55),(55,'EMP0055','1987-01-07','F','MARRIED','USA','ashleythomas@gmail.com','Lisa Thomas','+1-555-298-7839','Parent','4634 Main Street','','New York','CA','26527','USA','CONTRACT','2025-03-06',NULL,3,30,97195.00,'USD','','',1,'2025-10-13 09:10:07.926267','2025-10-13 09:10:11.466433',6,49,18,56),(56,'EMP0056','1997-09-27','M','MARRIED','USA','ryanbrown@gmail.com','James Harris','+1-555-662-7229','Spouse','8597 Main Street','','Dallas','CA','85898','USA','PART_TIME','2024-07-19',NULL,3,30,128650.00,'USD','','',1,'2025-10-13 09:10:09.018824','2025-10-13 09:10:11.470996',6,49,18,57),(57,'EMP0057','1990-05-22','F','SINGLE','USA','williamsmith@gmail.com','William Moore','+1-555-413-9129','Parent','3990 Main Street','','San Jose','CA','30077','USA','FULL_TIME','2023-01-15',NULL,3,30,105913.00,'USD','','',1,'2025-10-13 09:10:10.076099','2025-10-13 09:10:11.475611',6,49,17,58),(58,'EMP0058','1987-08-10','M','MARRIED','USA','lisabrown@gmail.com','Robert Williams','+1-555-914-4639','Sibling','2704 Main Street','','New York','CA','49436','USA','PART_TIME','2024-05-03',NULL,3,30,141680.00,'USD','','',0,'2025-10-13 09:10:11.205481','2025-10-13 09:10:11.205513',6,NULL,17,59);
/*!40000 ALTER TABLE `employees` ENABLE KEYS */;
UNLOCK TABLES;

--
-- Table structure for table `feedback`
--

DROP TABLE IF EXISTS `feedback`;
/*!40101 SET @saved_cs_client     = @@character_set_client */;
/*!50503 SET character_set_client = utf8mb4 */;
CREATE TABLE `feedback` (
  `id` bigint NOT NULL AUTO_INCREMENT,
  `feedback_type` varchar(20) NOT NULL,
  `title` varchar(200) NOT NULL,
  `content` longtext NOT NULL,
  `is_anonymous` tinyint(1) NOT NULL,
  `is_shared_with_employee` tinyint(1) NOT NULL,
  `created_at` datetime(6) NOT NULL,
  `updated_at` datetime(6) NOT NULL,
  `employee_id` bigint NOT NULL,
  `given_by_id` bigint NOT NULL,
  PRIMARY KEY (`id`),
  KEY `feedback_employee_id_9d563107_fk_employees_id` (`employee_id`),
  KEY `feedback_given_by_id_d9ac0602_fk_employees_id` (`given_by_id`),
  CONSTRAINT `feedback_employee_id_9d563107_fk_employees_id` FOREIGN KEY (`employee_id`) REFERENCES `employees` (`id`),
  CONSTRAINT `feedback_given_by_id_d9ac0602_fk_employees_id` FOREIGN KEY (`given_by_id`) REFERENCES `employees` (`id`)
) ENGINE=InnoDB DEFAULT CHARSET=utf8mb4 COLLATE=utf8mb4_0900_ai_ci;
/*!40101 SET character_set_client = @saved_cs_client */;

--
-- Dumping data for table `feedback`
--

LOCK TABLES `feedback` WRITE;
/*!40000 ALTER TABLE `feedback` DISABLE KEYS */;
/*!40000 ALTER TABLE `feedback` ENABLE KEYS */;
UNLOCK TABLES;

--
-- Table structure for table `goals`
--

DROP TABLE IF EXISTS `goals`;
/*!40101 SET @saved_cs_client     = @@character_set_client */;
/*!50503 SET character_set_client = utf8mb4 */;
CREATE TABLE `goals` (
  `id` bigint NOT NULL AUTO_INCREMENT,
  `title` varchar(200) NOT NULL,
  `description` longtext NOT NULL,
  `category` varchar(100) NOT NULL,
  `start_date` date NOT NULL,
  `target_date` date NOT NULL,
  `completion_date` date DEFAULT NULL,
  `priority` varchar(20) NOT NULL,
  `status` varchar(20) NOT NULL,
  `progress_percentage` int NOT NULL,
  `created_at` datetime(6) NOT NULL,
  `updated_at` datetime(6) NOT NULL,
  `created_by_id` bigint DEFAULT NULL,
  `employee_id` bigint NOT NULL,
  PRIMARY KEY (`id`),
  KEY `goals_created_by_id_cae3eba7_fk_employees_id` (`created_by_id`),
  KEY `goals_employee_id_88a624ad_fk_employees_id` (`employee_id`),
  CONSTRAINT `goals_created_by_id_cae3eba7_fk_employees_id` FOREIGN KEY (`created_by_id`) REFERENCES `employees` (`id`),
  CONSTRAINT `goals_employee_id_88a624ad_fk_employees_id` FOREIGN KEY (`employee_id`) REFERENCES `employees` (`id`)
) ENGINE=InnoDB DEFAULT CHARSET=utf8mb4 COLLATE=utf8mb4_0900_ai_ci;
/*!40101 SET character_set_client = @saved_cs_client */;

--
-- Dumping data for table `goals`
--

LOCK TABLES `goals` WRITE;
/*!40000 ALTER TABLE `goals` DISABLE KEYS */;
/*!40000 ALTER TABLE `goals` ENABLE KEYS */;
UNLOCK TABLES;

--
-- Table structure for table `holidays`
--

DROP TABLE IF EXISTS `holidays`;
/*!40101 SET @saved_cs_client     = @@character_set_client */;
/*!50503 SET character_set_client = utf8mb4 */;
CREATE TABLE `holidays` (
  `id` bigint NOT NULL AUTO_INCREMENT,
  `name` varchar(200) NOT NULL,
  `date` date NOT NULL,
  `description` longtext NOT NULL,
  `is_mandatory` tinyint(1) NOT NULL,
  `created_at` datetime(6) NOT NULL,
  `updated_at` datetime(6) NOT NULL,
  PRIMARY KEY (`id`)
) ENGINE=InnoDB AUTO_INCREMENT=4 DEFAULT CHARSET=utf8mb4 COLLATE=utf8mb4_0900_ai_ci;
/*!40101 SET character_set_client = @saved_cs_client */;

--
-- Dumping data for table `holidays`
--

LOCK TABLES `holidays` WRITE;
/*!40000 ALTER TABLE `holidays` DISABLE KEYS */;
INSERT INTO `holidays` VALUES (1,'New Year','2025-01-01','',1,'2025-10-13 09:10:12.541463','2025-10-13 09:10:12.541493'),(2,'Independence Day','2025-07-04','',1,'2025-10-13 09:10:12.551065','2025-10-13 09:10:12.551086'),(3,'Christmas','2025-12-25','',1,'2025-10-13 09:10:12.557405','2025-10-13 09:10:12.557424');
/*!40000 ALTER TABLE `holidays` ENABLE KEYS */;
UNLOCK TABLES;

--
-- Table structure for table `interviews`
--

DROP TABLE IF EXISTS `interviews`;
/*!40101 SET @saved_cs_client     = @@character_set_client */;
/*!50503 SET character_set_client = utf8mb4 */;
CREATE TABLE `interviews` (
  `id` bigint NOT NULL AUTO_INCREMENT,
  `interview_type` varchar(20) NOT NULL,
  `scheduled_date` date NOT NULL,
  `scheduled_time` time(6) NOT NULL,
  `duration_minutes` int NOT NULL,
  `location` varchar(200) NOT NULL,
  `meeting_link` varchar(200) NOT NULL,
  `status` varchar(20) NOT NULL,
  `feedback` longtext NOT NULL,
  `rating` int DEFAULT NULL,
  `recommendation` varchar(20) NOT NULL,
  `created_at` datetime(6) NOT NULL,
  `updated_at` datetime(6) NOT NULL,
  `application_id` bigint NOT NULL,
  `interviewer_id` bigint DEFAULT NULL,
  PRIMARY KEY (`id`),
  KEY `interviews_application_id_40e4a70c_fk_applications_id` (`application_id`),
  KEY `interviews_interviewer_id_dba7baab_fk_employees_id` (`interviewer_id`),
  CONSTRAINT `interviews_application_id_40e4a70c_fk_applications_id` FOREIGN KEY (`application_id`) REFERENCES `applications` (`id`),
  CONSTRAINT `interviews_interviewer_id_dba7baab_fk_employees_id` FOREIGN KEY (`interviewer_id`) REFERENCES `employees` (`id`)
) ENGINE=InnoDB DEFAULT CHARSET=utf8mb4 COLLATE=utf8mb4_0900_ai_ci;
/*!40101 SET character_set_client = @saved_cs_client */;

--
-- Dumping data for table `interviews`
--

LOCK TABLES `interviews` WRITE;
/*!40000 ALTER TABLE `interviews` DISABLE KEYS */;
/*!40000 ALTER TABLE `interviews` ENABLE KEYS */;
UNLOCK TABLES;

--
-- Table structure for table `job_postings`
--

DROP TABLE IF EXISTS `job_postings`;
/*!40101 SET @saved_cs_client     = @@character_set_client */;
/*!50503 SET character_set_client = utf8mb4 */;
CREATE TABLE `job_postings` (
  `id` bigint NOT NULL AUTO_INCREMENT,
  `title` varchar(200) NOT NULL,
  `job_type` varchar(20) NOT NULL,
  `description` longtext NOT NULL,
  `requirements` longtext NOT NULL,
  `responsibilities` longtext NOT NULL,
  `min_salary` decimal(10,2) DEFAULT NULL,
  `max_salary` decimal(10,2) DEFAULT NULL,
  `currency` varchar(3) NOT NULL,
  `location` varchar(200) NOT NULL,
  `number_of_openings` int NOT NULL,
  `posted_date` date NOT NULL,
  `closing_date` date DEFAULT NULL,
  `status` varchar(20) NOT NULL,
  `created_at` datetime(6) NOT NULL,
  `updated_at` datetime(6) NOT NULL,
  `created_by_id` bigint DEFAULT NULL,
  `department_id` bigint NOT NULL,
  `position_id` bigint DEFAULT NULL,
  PRIMARY KEY (`id`),
  KEY `job_postings_created_by_id_bb24ffe1_fk_employees_id` (`created_by_id`),
  KEY `job_postings_department_id_26d58829_fk_departments_id` (`department_id`),
  KEY `job_postings_position_id_9ceb0a2a_fk_positions_id` (`position_id`),
  CONSTRAINT `job_postings_created_by_id_bb24ffe1_fk_employees_id` FOREIGN KEY (`created_by_id`) REFERENCES `employees` (`id`),
  CONSTRAINT `job_postings_department_id_26d58829_fk_departments_id` FOREIGN KEY (`department_id`) REFERENCES `departments` (`id`),
  CONSTRAINT `job_postings_position_id_9ceb0a2a_fk_positions_id` FOREIGN KEY (`position_id`) REFERENCES `positions` (`id`)
) ENGINE=InnoDB AUTO_INCREMENT=6 DEFAULT CHARSET=utf8mb4 COLLATE=utf8mb4_0900_ai_ci;
/*!40101 SET character_set_client = @saved_cs_client */;

--
-- Dumping data for table `job_postings`
--

LOCK TABLES `job_postings` WRITE;
/*!40000 ALTER TABLE `job_postings` DISABLE KEYS */;
INSERT INTO `job_postings` VALUES (1,'Senior Software Engineer','FULL_TIME','We are looking for a talented Senior Software Engineer to join our team.','Bachelor degree, 3+ years experience','Lead projects, mentor team members, deliver results',60000.00,120000.00,'USD','Remote',1,'2025-10-13',NULL,'OPEN','2025-10-13 09:10:14.293529','2025-10-13 09:10:14.293558',NULL,6,NULL),(2,'Marketing Manager','FULL_TIME','We are looking for a talented Marketing Manager to join our team.','Bachelor degree, 3+ years experience','Lead projects, mentor team members, deliver results',60000.00,120000.00,'USD','Remote',3,'2025-10-13',NULL,'OPEN','2025-10-13 09:10:14.304933','2025-10-13 09:10:14.304955',NULL,5,NULL),(3,'Sales Executive','FULL_TIME','We are looking for a talented Sales Executive to join our team.','Bachelor degree, 3+ years experience','Lead projects, mentor team members, deliver results',60000.00,120000.00,'USD','Remote',2,'2025-10-13',NULL,'OPEN','2025-10-13 09:10:14.311026','2025-10-13 09:10:14.311069',NULL,4,NULL),(4,'HR Manager','FULL_TIME','We are looking for a talented HR Manager to join our team.','Bachelor degree, 3+ years experience','Lead projects, mentor team members, deliver results',60000.00,120000.00,'USD','Remote',1,'2025-10-13',NULL,'OPEN','2025-10-13 09:10:14.315528','2025-10-13 09:10:14.315547',NULL,4,NULL),(5,'Financial Analyst','FULL_TIME','We are looking for a talented Financial Analyst to join our team.','Bachelor degree, 3+ years experience','Lead projects, mentor team members, deliver results',60000.00,120000.00,'USD','Remote',2,'2025-10-13',NULL,'OPEN','2025-10-13 09:10:14.319641','2025-10-13 09:10:14.319659',NULL,4,NULL);
/*!40000 ALTER TABLE `job_postings` ENABLE KEYS */;
UNLOCK TABLES;

--
-- Table structure for table `leave_approval_workflow`
--

DROP TABLE IF EXISTS `leave_approval_workflow`;
/*!40101 SET @saved_cs_client     = @@character_set_client */;
/*!50503 SET character_set_client = utf8mb4 */;
CREATE TABLE `leave_approval_workflow` (
  `id` bigint NOT NULL AUTO_INCREMENT,
  `sequence` int NOT NULL,
  `status` varchar(20) NOT NULL,
  `comments` longtext NOT NULL,
  `action_date` datetime(6) DEFAULT NULL,
  `created_at` datetime(6) NOT NULL,
  `updated_at` datetime(6) NOT NULL,
  `approver_id` bigint NOT NULL,
  `leave_request_id` bigint NOT NULL,
  PRIMARY KEY (`id`),
  UNIQUE KEY `leave_approval_workflow_leave_request_id_sequence_285e8d21_uniq` (`leave_request_id`,`sequence`),
  KEY `leave_approval_workflow_approver_id_3b78dd81_fk_employees_id` (`approver_id`),
  CONSTRAINT `leave_approval_workf_leave_request_id_b6878883_fk_leave_req` FOREIGN KEY (`leave_request_id`) REFERENCES `leave_requests` (`id`),
  CONSTRAINT `leave_approval_workflow_approver_id_3b78dd81_fk_employees_id` FOREIGN KEY (`approver_id`) REFERENCES `employees` (`id`)
) ENGINE=InnoDB DEFAULT CHARSET=utf8mb4 COLLATE=utf8mb4_0900_ai_ci;
/*!40101 SET character_set_client = @saved_cs_client */;

--
-- Dumping data for table `leave_approval_workflow`
--

LOCK TABLES `leave_approval_workflow` WRITE;
/*!40000 ALTER TABLE `leave_approval_workflow` DISABLE KEYS */;
/*!40000 ALTER TABLE `leave_approval_workflow` ENABLE KEYS */;
UNLOCK TABLES;

--
-- Table structure for table `leave_balances`
--

DROP TABLE IF EXISTS `leave_balances`;
/*!40101 SET @saved_cs_client     = @@character_set_client */;
/*!50503 SET character_set_client = utf8mb4 */;
CREATE TABLE `leave_balances` (
  `id` bigint NOT NULL AUTO_INCREMENT,
  `year` int NOT NULL,
  `total_days` decimal(5,2) NOT NULL,
  `used_days` decimal(5,2) NOT NULL,
  `remaining_days` decimal(5,2) NOT NULL,
  `created_at` datetime(6) NOT NULL,
  `updated_at` datetime(6) NOT NULL,
  `employee_id` bigint NOT NULL,
  `leave_type_id` bigint NOT NULL,
  PRIMARY KEY (`id`),
  UNIQUE KEY `leave_balances_employee_id_leave_type_id_year_46eeb51f_uniq` (`employee_id`,`leave_type_id`,`year`),
  KEY `leave_balances_leave_type_id_a8915386_fk_leave_types_id` (`leave_type_id`),
  CONSTRAINT `leave_balances_employee_id_2a79139f_fk_employees_id` FOREIGN KEY (`employee_id`) REFERENCES `employees` (`id`),
  CONSTRAINT `leave_balances_leave_type_id_a8915386_fk_leave_types_id` FOREIGN KEY (`leave_type_id`) REFERENCES `leave_types` (`id`)
) ENGINE=InnoDB AUTO_INCREMENT=233 DEFAULT CHARSET=utf8mb4 COLLATE=utf8mb4_0900_ai_ci;
/*!40101 SET character_set_client = @saved_cs_client */;

--
-- Dumping data for table `leave_balances`
--

LOCK TABLES `leave_balances` WRITE;
/*!40000 ALTER TABLE `leave_balances` DISABLE KEYS */;
INSERT INTO `leave_balances` VALUES (1,2025,20.00,2.00,18.00,'2025-10-13 09:10:11.522239','2025-10-13 09:10:11.522263',1,1),(2,2025,10.00,1.00,9.00,'2025-10-13 09:10:11.529449','2025-10-13 09:10:11.529491',1,2),(3,2025,7.00,3.00,4.00,'2025-10-13 09:10:11.533980','2025-10-13 09:10:11.534009',1,3),(4,2025,30.00,5.00,25.00,'2025-10-13 09:10:11.538735','2025-10-13 09:10:11.538762',1,4),(5,2025,20.00,4.00,16.00,'2025-10-13 09:10:11.542511','2025-10-13 09:10:11.542536',2,1),(6,2025,10.00,1.00,9.00,'2025-10-13 09:10:11.547373','2025-10-13 09:10:11.547417',2,2),(7,2025,7.00,2.00,5.00,'2025-10-13 09:10:11.552228','2025-10-13 09:10:11.552253',2,3),(8,2025,30.00,3.00,27.00,'2025-10-13 09:10:11.556518','2025-10-13 09:10:11.556545',2,4),(9,2025,20.00,4.00,16.00,'2025-10-13 09:10:11.560581','2025-10-13 09:10:11.560620',3,1),(10,2025,10.00,4.00,6.00,'2025-10-13 09:10:11.564915','2025-10-13 09:10:11.564941',3,2),(11,2025,7.00,0.00,7.00,'2025-10-13 09:10:11.568994','2025-10-13 09:10:11.569017',3,3),(12,2025,30.00,5.00,25.00,'2025-10-13 09:10:11.572697','2025-10-13 09:10:11.572719',3,4),(13,2025,20.00,5.00,15.00,'2025-10-13 09:10:11.577166','2025-10-13 09:10:11.577215',4,1),(14,2025,10.00,1.00,9.00,'2025-10-13 09:10:11.583283','2025-10-13 09:10:11.583305',4,2),(15,2025,7.00,2.00,5.00,'2025-10-13 09:10:11.587074','2025-10-13 09:10:11.587096',4,3),(16,2025,30.00,0.00,30.00,'2025-10-13 09:10:11.591692','2025-10-13 09:10:11.591718',4,4),(17,2025,20.00,4.00,16.00,'2025-10-13 09:10:11.595669','2025-10-13 09:10:11.595696',5,1),(18,2025,10.00,2.00,8.00,'2025-10-13 09:10:11.599470','2025-10-13 09:10:11.599496',5,2),(19,2025,7.00,5.00,2.00,'2025-10-13 09:10:11.603236','2025-10-13 09:10:11.603259',5,3),(20,2025,30.00,4.00,26.00,'2025-10-13 09:10:11.607859','2025-10-13 09:10:11.607884',5,4),(21,2025,20.00,2.00,18.00,'2025-10-13 09:10:11.611731','2025-10-13 09:10:11.611755',6,1),(22,2025,10.00,2.00,8.00,'2025-10-13 09:10:11.615628','2025-10-13 09:10:11.615653',6,2),(23,2025,7.00,1.00,6.00,'2025-10-13 09:10:11.619604','2025-10-13 09:10:11.619627',6,3),(24,2025,30.00,5.00,25.00,'2025-10-13 09:10:11.624058','2025-10-13 09:10:11.624082',6,4),(25,2025,20.00,3.00,17.00,'2025-10-13 09:10:11.627801','2025-10-13 09:10:11.627824',7,1),(26,2025,10.00,2.00,8.00,'2025-10-13 09:10:11.631542','2025-10-13 09:10:11.631565',7,2),(27,2025,7.00,5.00,2.00,'2025-10-13 09:10:11.635322','2025-10-13 09:10:11.635346',7,3),(28,2025,30.00,5.00,25.00,'2025-10-13 09:10:11.640311','2025-10-13 09:10:11.640336',7,4),(29,2025,20.00,1.00,19.00,'2025-10-13 09:10:11.643943','2025-10-13 09:10:11.643970',8,1),(30,2025,10.00,4.00,6.00,'2025-10-13 09:10:11.647957','2025-10-13 09:10:11.647981',8,2),(31,2025,7.00,1.00,6.00,'2025-10-13 09:10:11.651857','2025-10-13 09:10:11.651881',8,3),(32,2025,30.00,0.00,30.00,'2025-10-13 09:10:11.655898','2025-10-13 09:10:11.655924',8,4),(33,2025,20.00,0.00,20.00,'2025-10-13 09:10:11.660010','2025-10-13 09:10:11.660049',9,1),(34,2025,10.00,4.00,6.00,'2025-10-13 09:10:11.664128','2025-10-13 09:10:11.664154',9,2),(35,2025,7.00,3.00,4.00,'2025-10-13 09:10:11.668597','2025-10-13 09:10:11.668622',9,3),(36,2025,30.00,5.00,25.00,'2025-10-13 09:10:11.672494','2025-10-13 09:10:11.672521',9,4),(37,2025,20.00,3.00,17.00,'2025-10-13 09:10:11.676295','2025-10-13 09:10:11.676321',10,1),(38,2025,10.00,2.00,8.00,'2025-10-13 09:10:11.680145','2025-10-13 09:10:11.680171',10,2),(39,2025,7.00,4.00,3.00,'2025-10-13 09:10:11.684156','2025-10-13 09:10:11.684184',10,3),(40,2025,30.00,4.00,26.00,'2025-10-13 09:10:11.687996','2025-10-13 09:10:11.688020',10,4),(41,2025,20.00,0.00,20.00,'2025-10-13 09:10:11.691782','2025-10-13 09:10:11.691803',11,1),(42,2025,10.00,3.00,7.00,'2025-10-13 09:10:11.695739','2025-10-13 09:10:11.695762',11,2),(43,2025,7.00,0.00,7.00,'2025-10-13 09:10:11.699600','2025-10-13 09:10:11.699623',11,3),(44,2025,30.00,4.00,26.00,'2025-10-13 09:10:11.703299','2025-10-13 09:10:11.703321',11,4),(45,2025,20.00,5.00,15.00,'2025-10-13 09:10:11.707027','2025-10-13 09:10:11.707048',12,1),(46,2025,10.00,2.00,8.00,'2025-10-13 09:10:11.710752','2025-10-13 09:10:11.710773',12,2),(47,2025,7.00,2.00,5.00,'2025-10-13 09:10:11.714610','2025-10-13 09:10:11.714635',12,3),(48,2025,30.00,0.00,30.00,'2025-10-13 09:10:11.718338','2025-10-13 09:10:11.718360',12,4),(49,2025,20.00,3.00,17.00,'2025-10-13 09:10:11.722164','2025-10-13 09:10:11.722185',13,1),(50,2025,10.00,2.00,8.00,'2025-10-13 09:10:11.725816','2025-10-13 09:10:11.725836',13,2),(51,2025,7.00,3.00,4.00,'2025-10-13 09:10:11.729587','2025-10-13 09:10:11.729610',13,3),(52,2025,30.00,0.00,30.00,'2025-10-13 09:10:11.733316','2025-10-13 09:10:11.733336',13,4),(53,2025,20.00,3.00,17.00,'2025-10-13 09:10:11.737247','2025-10-13 09:10:11.737272',14,1),(54,2025,10.00,4.00,6.00,'2025-10-13 09:10:11.742179','2025-10-13 09:10:11.742204',14,2),(55,2025,7.00,2.00,5.00,'2025-10-13 09:10:11.746036','2025-10-13 09:10:11.746061',14,3),(56,2025,30.00,0.00,30.00,'2025-10-13 09:10:11.749934','2025-10-13 09:10:11.749958',14,4),(57,2025,20.00,3.00,17.00,'2025-10-13 09:10:11.753633','2025-10-13 09:10:11.753657',15,1),(58,2025,10.00,1.00,9.00,'2025-10-13 09:10:11.757576','2025-10-13 09:10:11.757600',15,2),(59,2025,7.00,4.00,3.00,'2025-10-13 09:10:11.761468','2025-10-13 09:10:11.761494',15,3),(60,2025,30.00,4.00,26.00,'2025-10-13 09:10:11.765429','2025-10-13 09:10:11.765451',15,4),(61,2025,20.00,4.00,16.00,'2025-10-13 09:10:11.769504','2025-10-13 09:10:11.769528',16,1),(62,2025,10.00,0.00,10.00,'2025-10-13 09:10:11.773384','2025-10-13 09:10:11.773407',16,2),(63,2025,7.00,5.00,2.00,'2025-10-13 09:10:11.777298','2025-10-13 09:10:11.777333',16,3),(64,2025,30.00,4.00,26.00,'2025-10-13 09:10:11.781254','2025-10-13 09:10:11.781279',16,4),(65,2025,20.00,4.00,16.00,'2025-10-13 09:10:11.785054','2025-10-13 09:10:11.785078',17,1),(66,2025,10.00,5.00,5.00,'2025-10-13 09:10:11.788961','2025-10-13 09:10:11.788991',17,2),(67,2025,7.00,1.00,6.00,'2025-10-13 09:10:11.792735','2025-10-13 09:10:11.792759',17,3),(68,2025,30.00,0.00,30.00,'2025-10-13 09:10:11.796896','2025-10-13 09:10:11.796942',17,4),(69,2025,20.00,3.00,17.00,'2025-10-13 09:10:11.801297','2025-10-13 09:10:11.801323',18,1),(70,2025,10.00,2.00,8.00,'2025-10-13 09:10:11.805251','2025-10-13 09:10:11.805274',18,2),(71,2025,7.00,4.00,3.00,'2025-10-13 09:10:11.809239','2025-10-13 09:10:11.809263',18,3),(72,2025,30.00,1.00,29.00,'2025-10-13 09:10:11.813171','2025-10-13 09:10:11.813195',18,4),(73,2025,20.00,3.00,17.00,'2025-10-13 09:10:11.817184','2025-10-13 09:10:11.817209',19,1),(74,2025,10.00,2.00,8.00,'2025-10-13 09:10:11.821092','2025-10-13 09:10:11.821117',19,2),(75,2025,7.00,4.00,3.00,'2025-10-13 09:10:11.824881','2025-10-13 09:10:11.824905',19,3),(76,2025,30.00,5.00,25.00,'2025-10-13 09:10:11.828633','2025-10-13 09:10:11.828657',19,4),(77,2025,20.00,1.00,19.00,'2025-10-13 09:10:11.832428','2025-10-13 09:10:11.832452',20,1),(78,2025,10.00,1.00,9.00,'2025-10-13 09:10:11.836263','2025-10-13 09:10:11.836288',20,2),(79,2025,7.00,5.00,2.00,'2025-10-13 09:10:11.840042','2025-10-13 09:10:11.840066',20,3),(80,2025,30.00,0.00,30.00,'2025-10-13 09:10:11.843894','2025-10-13 09:10:11.843919',20,4),(81,2025,20.00,4.00,16.00,'2025-10-13 09:10:11.848305','2025-10-13 09:10:11.848331',21,1),(82,2025,10.00,2.00,8.00,'2025-10-13 09:10:11.853430','2025-10-13 09:10:11.853454',21,2),(83,2025,7.00,1.00,6.00,'2025-10-13 09:10:11.857503','2025-10-13 09:10:11.857528',21,3),(84,2025,30.00,3.00,27.00,'2025-10-13 09:10:11.861342','2025-10-13 09:10:11.861365',21,4),(85,2025,20.00,1.00,19.00,'2025-10-13 09:10:11.865169','2025-10-13 09:10:11.865191',22,1),(86,2025,10.00,5.00,5.00,'2025-10-13 09:10:11.869023','2025-10-13 09:10:11.869047',22,2),(87,2025,7.00,4.00,3.00,'2025-10-13 09:10:11.872823','2025-10-13 09:10:11.872847',22,3),(88,2025,30.00,2.00,28.00,'2025-10-13 09:10:11.876654','2025-10-13 09:10:11.876678',22,4),(89,2025,20.00,5.00,15.00,'2025-10-13 09:10:11.880339','2025-10-13 09:10:11.880365',23,1),(90,2025,10.00,5.00,5.00,'2025-10-13 09:10:11.884108','2025-10-13 09:10:11.884132',23,2),(91,2025,7.00,2.00,5.00,'2025-10-13 09:10:11.887879','2025-10-13 09:10:11.887905',23,3),(92,2025,30.00,4.00,26.00,'2025-10-13 09:10:11.891633','2025-10-13 09:10:11.891656',23,4),(93,2025,20.00,2.00,18.00,'2025-10-13 09:10:11.896301','2025-10-13 09:10:11.896327',24,1),(94,2025,10.00,5.00,5.00,'2025-10-13 09:10:11.900210','2025-10-13 09:10:11.900236',24,2),(95,2025,7.00,2.00,5.00,'2025-10-13 09:10:11.903936','2025-10-13 09:10:11.903960',24,3),(96,2025,30.00,4.00,26.00,'2025-10-13 09:10:11.907796','2025-10-13 09:10:11.907822',24,4),(97,2025,20.00,2.00,18.00,'2025-10-13 09:10:11.911733','2025-10-13 09:10:11.911759',25,1),(98,2025,10.00,3.00,7.00,'2025-10-13 09:10:11.915710','2025-10-13 09:10:11.915735',25,2),(99,2025,7.00,2.00,5.00,'2025-10-13 09:10:11.919618','2025-10-13 09:10:11.919642',25,3),(100,2025,30.00,2.00,28.00,'2025-10-13 09:10:11.923371','2025-10-13 09:10:11.923396',25,4),(101,2025,20.00,3.00,17.00,'2025-10-13 09:10:11.927201','2025-10-13 09:10:11.927226',26,1),(102,2025,10.00,2.00,8.00,'2025-10-13 09:10:11.931097','2025-10-13 09:10:11.931120',26,2),(103,2025,7.00,4.00,3.00,'2025-10-13 09:10:11.934918','2025-10-13 09:10:11.934943',26,3),(104,2025,30.00,1.00,29.00,'2025-10-13 09:10:11.938788','2025-10-13 09:10:11.938816',26,4),(105,2025,20.00,4.00,16.00,'2025-10-13 09:10:11.942774','2025-10-13 09:10:11.942801',27,1),(106,2025,10.00,4.00,6.00,'2025-10-13 09:10:11.946655','2025-10-13 09:10:11.946681',27,2),(107,2025,7.00,3.00,4.00,'2025-10-13 09:10:11.950480','2025-10-13 09:10:11.950505',27,3),(108,2025,30.00,5.00,25.00,'2025-10-13 09:10:11.954187','2025-10-13 09:10:11.954211',27,4),(109,2025,20.00,0.00,20.00,'2025-10-13 09:10:11.958010','2025-10-13 09:10:11.958036',28,1),(110,2025,10.00,5.00,5.00,'2025-10-13 09:10:11.961932','2025-10-13 09:10:11.961957',28,2),(111,2025,7.00,2.00,5.00,'2025-10-13 09:10:11.965732','2025-10-13 09:10:11.965758',28,3),(112,2025,30.00,5.00,25.00,'2025-10-13 09:10:11.969439','2025-10-13 09:10:11.969463',28,4),(113,2025,20.00,0.00,20.00,'2025-10-13 09:10:11.973184','2025-10-13 09:10:11.973207',29,1),(114,2025,10.00,2.00,8.00,'2025-10-13 09:10:11.976979','2025-10-13 09:10:11.977006',29,2),(115,2025,7.00,2.00,5.00,'2025-10-13 09:10:11.980775','2025-10-13 09:10:11.980801',29,3),(116,2025,30.00,2.00,28.00,'2025-10-13 09:10:11.984496','2025-10-13 09:10:11.984521',29,4),(117,2025,20.00,5.00,15.00,'2025-10-13 09:10:11.988327','2025-10-13 09:10:11.988351',30,1),(118,2025,10.00,5.00,5.00,'2025-10-13 09:10:11.992233','2025-10-13 09:10:11.992258',30,2),(119,2025,7.00,5.00,2.00,'2025-10-13 09:10:11.996168','2025-10-13 09:10:11.996195',30,3),(120,2025,30.00,4.00,26.00,'2025-10-13 09:10:12.000082','2025-10-13 09:10:12.000108',30,4),(121,2025,20.00,1.00,19.00,'2025-10-13 09:10:12.003992','2025-10-13 09:10:12.004016',31,1),(122,2025,10.00,3.00,7.00,'2025-10-13 09:10:12.007792','2025-10-13 09:10:12.007814',31,2),(123,2025,7.00,5.00,2.00,'2025-10-13 09:10:12.011593','2025-10-13 09:10:12.011617',31,3),(124,2025,30.00,1.00,29.00,'2025-10-13 09:10:12.015343','2025-10-13 09:10:12.015369',31,4),(125,2025,20.00,1.00,19.00,'2025-10-13 09:10:12.019145','2025-10-13 09:10:12.019170',32,1),(126,2025,10.00,5.00,5.00,'2025-10-13 09:10:12.022886','2025-10-13 09:10:12.022909',32,2),(127,2025,7.00,1.00,6.00,'2025-10-13 09:10:12.026554','2025-10-13 09:10:12.026577',32,3),(128,2025,30.00,1.00,29.00,'2025-10-13 09:10:12.030378','2025-10-13 09:10:12.030402',32,4),(129,2025,20.00,1.00,19.00,'2025-10-13 09:10:12.035096','2025-10-13 09:10:12.035121',33,1),(130,2025,10.00,3.00,7.00,'2025-10-13 09:10:12.038981','2025-10-13 09:10:12.039005',33,2),(131,2025,7.00,4.00,3.00,'2025-10-13 09:10:12.042657','2025-10-13 09:10:12.042681',33,3),(132,2025,30.00,0.00,30.00,'2025-10-13 09:10:12.046319','2025-10-13 09:10:12.046341',33,4),(133,2025,20.00,5.00,15.00,'2025-10-13 09:10:12.051522','2025-10-13 09:10:12.051560',34,1),(134,2025,10.00,5.00,5.00,'2025-10-13 09:10:12.055847','2025-10-13 09:10:12.055871',34,2),(135,2025,7.00,1.00,6.00,'2025-10-13 09:10:12.059869','2025-10-13 09:10:12.059892',34,3),(136,2025,30.00,1.00,29.00,'2025-10-13 09:10:12.063740','2025-10-13 09:10:12.063763',34,4),(137,2025,20.00,0.00,20.00,'2025-10-13 09:10:12.067525','2025-10-13 09:10:12.067547',35,1),(138,2025,10.00,0.00,10.00,'2025-10-13 09:10:12.071328','2025-10-13 09:10:12.071351',35,2),(139,2025,7.00,5.00,2.00,'2025-10-13 09:10:12.075335','2025-10-13 09:10:12.075361',35,3),(140,2025,30.00,2.00,28.00,'2025-10-13 09:10:12.079134','2025-10-13 09:10:12.079158',35,4),(141,2025,20.00,5.00,15.00,'2025-10-13 09:10:12.082988','2025-10-13 09:10:12.083014',36,1),(142,2025,10.00,2.00,8.00,'2025-10-13 09:10:12.086756','2025-10-13 09:10:12.086779',36,2),(143,2025,7.00,1.00,6.00,'2025-10-13 09:10:12.090469','2025-10-13 09:10:12.090492',36,3),(144,2025,30.00,4.00,26.00,'2025-10-13 09:10:12.094272','2025-10-13 09:10:12.094310',36,4),(145,2025,20.00,1.00,19.00,'2025-10-13 09:10:12.098079','2025-10-13 09:10:12.098103',37,1),(146,2025,10.00,2.00,8.00,'2025-10-13 09:10:12.101590','2025-10-13 09:10:12.101613',37,2),(147,2025,7.00,2.00,5.00,'2025-10-13 09:10:12.105296','2025-10-13 09:10:12.105319',37,3),(148,2025,30.00,1.00,29.00,'2025-10-13 09:10:12.108966','2025-10-13 09:10:12.108990',37,4),(149,2025,20.00,0.00,20.00,'2025-10-13 09:10:12.112888','2025-10-13 09:10:12.112912',38,1),(150,2025,10.00,3.00,7.00,'2025-10-13 09:10:12.116788','2025-10-13 09:10:12.116810',38,2),(151,2025,7.00,2.00,5.00,'2025-10-13 09:10:12.120615','2025-10-13 09:10:12.120639',38,3),(152,2025,30.00,5.00,25.00,'2025-10-13 09:10:12.124404','2025-10-13 09:10:12.124427',38,4),(153,2025,20.00,1.00,19.00,'2025-10-13 09:10:12.128104','2025-10-13 09:10:12.128129',39,1),(154,2025,10.00,5.00,5.00,'2025-10-13 09:10:12.131839','2025-10-13 09:10:12.131862',39,2),(155,2025,7.00,3.00,4.00,'2025-10-13 09:10:12.135636','2025-10-13 09:10:12.135661',39,3),(156,2025,30.00,2.00,28.00,'2025-10-13 09:10:12.139570','2025-10-13 09:10:12.139606',39,4),(157,2025,20.00,1.00,19.00,'2025-10-13 09:10:12.143430','2025-10-13 09:10:12.143455',40,1),(158,2025,10.00,5.00,5.00,'2025-10-13 09:10:12.147200','2025-10-13 09:10:12.147226',40,2),(159,2025,7.00,4.00,3.00,'2025-10-13 09:10:12.150861','2025-10-13 09:10:12.150886',40,3),(160,2025,30.00,5.00,25.00,'2025-10-13 09:10:12.154690','2025-10-13 09:10:12.154716',40,4),(161,2025,20.00,2.00,18.00,'2025-10-13 09:10:12.158474','2025-10-13 09:10:12.158498',41,1),(162,2025,10.00,4.00,6.00,'2025-10-13 09:10:12.162294','2025-10-13 09:10:12.162319',41,2),(163,2025,7.00,0.00,7.00,'2025-10-13 09:10:12.166047','2025-10-13 09:10:12.166072',41,3),(164,2025,30.00,0.00,30.00,'2025-10-13 09:10:12.169837','2025-10-13 09:10:12.169866',41,4),(165,2025,20.00,0.00,20.00,'2025-10-13 09:10:12.174368','2025-10-13 09:10:12.174394',42,1),(166,2025,10.00,4.00,6.00,'2025-10-13 09:10:12.178107','2025-10-13 09:10:12.178132',42,2),(167,2025,7.00,4.00,3.00,'2025-10-13 09:10:12.181955','2025-10-13 09:10:12.181980',42,3),(168,2025,30.00,0.00,30.00,'2025-10-13 09:10:12.185691','2025-10-13 09:10:12.185714',42,4),(169,2025,20.00,5.00,15.00,'2025-10-13 09:10:12.189467','2025-10-13 09:10:12.189488',43,1),(170,2025,10.00,4.00,6.00,'2025-10-13 09:10:12.193159','2025-10-13 09:10:12.193184',43,2),(171,2025,7.00,1.00,6.00,'2025-10-13 09:10:12.196818','2025-10-13 09:10:12.196842',43,3),(172,2025,30.00,2.00,28.00,'2025-10-13 09:10:12.201325','2025-10-13 09:10:12.201349',43,4),(173,2025,20.00,5.00,15.00,'2025-10-13 09:10:12.205102','2025-10-13 09:10:12.205126',44,1),(174,2025,10.00,5.00,5.00,'2025-10-13 09:10:12.208800','2025-10-13 09:10:12.208821',44,2),(175,2025,7.00,1.00,6.00,'2025-10-13 09:10:12.212494','2025-10-13 09:10:12.212515',44,3),(176,2025,30.00,3.00,27.00,'2025-10-13 09:10:12.216810','2025-10-13 09:10:12.216836',44,4),(177,2025,20.00,1.00,19.00,'2025-10-13 09:10:12.221872','2025-10-13 09:10:12.221897',45,1),(178,2025,10.00,1.00,9.00,'2025-10-13 09:10:12.225650','2025-10-13 09:10:12.225675',45,2),(179,2025,7.00,3.00,4.00,'2025-10-13 09:10:12.229297','2025-10-13 09:10:12.229323',45,3),(180,2025,30.00,1.00,29.00,'2025-10-13 09:10:12.233109','2025-10-13 09:10:12.233134',45,4),(181,2025,20.00,1.00,19.00,'2025-10-13 09:10:12.236864','2025-10-13 09:10:12.236890',46,1),(182,2025,10.00,1.00,9.00,'2025-10-13 09:10:12.240587','2025-10-13 09:10:12.240610',46,2),(183,2025,7.00,4.00,3.00,'2025-10-13 09:10:12.244339','2025-10-13 09:10:12.244362',46,3),(184,2025,30.00,0.00,30.00,'2025-10-13 09:10:12.248218','2025-10-13 09:10:12.248245',46,4),(185,2025,20.00,3.00,17.00,'2025-10-13 09:10:12.251919','2025-10-13 09:10:12.251941',47,1),(186,2025,10.00,2.00,8.00,'2025-10-13 09:10:12.255781','2025-10-13 09:10:12.255803',47,2),(187,2025,7.00,3.00,4.00,'2025-10-13 09:10:12.259481','2025-10-13 09:10:12.259502',47,3),(188,2025,30.00,4.00,26.00,'2025-10-13 09:10:12.263248','2025-10-13 09:10:12.263274',47,4),(189,2025,20.00,3.00,17.00,'2025-10-13 09:10:12.266904','2025-10-13 09:10:12.266929',48,1),(190,2025,10.00,4.00,6.00,'2025-10-13 09:10:12.270507','2025-10-13 09:10:12.270531',48,2),(191,2025,7.00,5.00,2.00,'2025-10-13 09:10:12.274176','2025-10-13 09:10:12.274199',48,3),(192,2025,30.00,1.00,29.00,'2025-10-13 09:10:12.277747','2025-10-13 09:10:12.277775',48,4),(193,2025,20.00,5.00,15.00,'2025-10-13 09:10:12.281532','2025-10-13 09:10:12.281556',49,1),(194,2025,10.00,0.00,10.00,'2025-10-13 09:10:12.285184','2025-10-13 09:10:12.285207',49,2),(195,2025,7.00,0.00,7.00,'2025-10-13 09:10:12.288850','2025-10-13 09:10:12.288870',49,3),(196,2025,30.00,5.00,25.00,'2025-10-13 09:10:12.292549','2025-10-13 09:10:12.292570',49,4),(197,2025,20.00,3.00,17.00,'2025-10-13 09:10:12.296271','2025-10-13 09:10:12.296296',50,1),(198,2025,10.00,4.00,6.00,'2025-10-13 09:10:12.299935','2025-10-13 09:10:12.299959',50,2),(199,2025,7.00,4.00,3.00,'2025-10-13 09:10:12.303541','2025-10-13 09:10:12.303567',50,3),(200,2025,30.00,4.00,26.00,'2025-10-13 09:10:12.307198','2025-10-13 09:10:12.307222',50,4),(201,2025,20.00,3.00,17.00,'2025-10-13 09:10:12.311384','2025-10-13 09:10:12.311430',51,1),(202,2025,10.00,2.00,8.00,'2025-10-13 09:10:12.315709','2025-10-13 09:10:12.315737',51,2),(203,2025,7.00,1.00,6.00,'2025-10-13 09:10:12.319566','2025-10-13 09:10:12.319590',51,3),(204,2025,30.00,5.00,25.00,'2025-10-13 09:10:12.323401','2025-10-13 09:10:12.323426',51,4),(205,2025,20.00,3.00,17.00,'2025-10-13 09:10:12.327743','2025-10-13 09:10:12.327767',52,1),(206,2025,10.00,5.00,5.00,'2025-10-13 09:10:12.332442','2025-10-13 09:10:12.332469',52,2),(207,2025,7.00,5.00,2.00,'2025-10-13 09:10:12.336344','2025-10-13 09:10:12.336369',52,3),(208,2025,30.00,4.00,26.00,'2025-10-13 09:10:12.340250','2025-10-13 09:10:12.340276',52,4),(209,2025,20.00,1.00,19.00,'2025-10-13 09:10:12.344138','2025-10-13 09:10:12.344162',53,1),(210,2025,10.00,3.00,7.00,'2025-10-13 09:10:12.349247','2025-10-13 09:10:12.349272',53,2),(211,2025,7.00,4.00,3.00,'2025-10-13 09:10:12.353030','2025-10-13 09:10:12.353054',53,3),(212,2025,30.00,2.00,28.00,'2025-10-13 09:10:12.356978','2025-10-13 09:10:12.357004',53,4),(213,2025,20.00,0.00,20.00,'2025-10-13 09:10:12.360876','2025-10-13 09:10:12.360901',54,1),(214,2025,10.00,0.00,10.00,'2025-10-13 09:10:12.369069','2025-10-13 09:10:12.369093',54,2),(215,2025,7.00,5.00,2.00,'2025-10-13 09:10:12.373244','2025-10-13 09:10:12.373269',54,3),(216,2025,30.00,5.00,25.00,'2025-10-13 09:10:12.377420','2025-10-13 09:10:12.377445',54,4),(217,2025,20.00,0.00,20.00,'2025-10-13 09:10:12.381331','2025-10-13 09:10:12.381357',55,1),(218,2025,10.00,2.00,8.00,'2025-10-13 09:10:12.385377','2025-10-13 09:10:12.385400',55,2),(219,2025,7.00,2.00,5.00,'2025-10-13 09:10:12.390543','2025-10-13 09:10:12.390569',55,3),(220,2025,30.00,1.00,29.00,'2025-10-13 09:10:12.394618','2025-10-13 09:10:12.394651',55,4),(221,2025,20.00,3.00,17.00,'2025-10-13 09:10:12.398683','2025-10-13 09:10:12.398710',56,1),(222,2025,10.00,5.00,5.00,'2025-10-13 09:10:12.402619','2025-10-13 09:10:12.402642',56,2),(223,2025,7.00,5.00,2.00,'2025-10-13 09:10:12.406756','2025-10-13 09:10:12.406779',56,3),(224,2025,30.00,2.00,28.00,'2025-10-13 09:10:12.410711','2025-10-13 09:10:12.410734',56,4),(225,2025,20.00,2.00,18.00,'2025-10-13 09:10:12.414568','2025-10-13 09:10:12.414590',57,1),(226,2025,10.00,3.00,7.00,'2025-10-13 09:10:12.418622','2025-10-13 09:10:12.418646',57,2),(227,2025,7.00,0.00,7.00,'2025-10-13 09:10:12.422472','2025-10-13 09:10:12.422497',57,3),(228,2025,30.00,3.00,27.00,'2025-10-13 09:10:12.426364','2025-10-13 09:10:12.426389',57,4),(229,2025,20.00,2.00,18.00,'2025-10-13 09:10:12.430325','2025-10-13 09:10:12.430351',58,1),(230,2025,10.00,2.00,8.00,'2025-10-13 09:10:12.434286','2025-10-13 09:10:12.434309',58,2),(231,2025,7.00,0.00,7.00,'2025-10-13 09:10:12.438304','2025-10-13 09:10:12.438327',58,3),(232,2025,30.00,2.00,28.00,'2025-10-13 09:10:12.442095','2025-10-13 09:10:12.442119',58,4);
/*!40000 ALTER TABLE `leave_balances` ENABLE KEYS */;
UNLOCK TABLES;

--
-- Table structure for table `leave_requests`
--

DROP TABLE IF EXISTS `leave_requests`;
/*!40101 SET @saved_cs_client     = @@character_set_client */;
/*!50503 SET character_set_client = utf8mb4 */;
CREATE TABLE `leave_requests` (
  `id` bigint NOT NULL AUTO_INCREMENT,
  `start_date` date NOT NULL,
  `end_date` date NOT NULL,
  `total_days` decimal(5,2) NOT NULL,
  `reason` longtext NOT NULL,
  `status` varchar(20) NOT NULL,
  `approved_at` datetime(6) DEFAULT NULL,
  `rejection_reason` longtext NOT NULL,
  `created_at` datetime(6) NOT NULL,
  `updated_at` datetime(6) NOT NULL,
  `approved_by_id` bigint DEFAULT NULL,
  `employee_id` bigint NOT NULL,
  `leave_type_id` bigint NOT NULL,
  PRIMARY KEY (`id`),
  KEY `leave_requests_approved_by_id_6227f699_fk_employees_id` (`approved_by_id`),
  KEY `leave_requests_employee_id_bb0575f2_fk_employees_id` (`employee_id`),
  KEY `leave_requests_leave_type_id_aa91b26f_fk_leave_types_id` (`leave_type_id`),
  CONSTRAINT `leave_requests_approved_by_id_6227f699_fk_employees_id` FOREIGN KEY (`approved_by_id`) REFERENCES `employees` (`id`),
  CONSTRAINT `leave_requests_employee_id_bb0575f2_fk_employees_id` FOREIGN KEY (`employee_id`) REFERENCES `employees` (`id`),
  CONSTRAINT `leave_requests_leave_type_id_aa91b26f_fk_leave_types_id` FOREIGN KEY (`leave_type_id`) REFERENCES `leave_types` (`id`)
) ENGINE=InnoDB AUTO_INCREMENT=21 DEFAULT CHARSET=utf8mb4 COLLATE=utf8mb4_0900_ai_ci;
/*!40101 SET character_set_client = @saved_cs_client */;

--
-- Dumping data for table `leave_requests`
--

LOCK TABLES `leave_requests` WRITE;
/*!40000 ALTER TABLE `leave_requests` DISABLE KEYS */;
INSERT INTO `leave_requests` VALUES (1,'2025-10-20','2025-10-24',5.00,'Personal reasons','APPROVED',NULL,'','2025-10-13 09:10:12.446621','2025-10-13 09:10:12.446648',NULL,7,3),(2,'2025-11-11','2025-11-16',6.00,'Personal reasons','APPROVED',NULL,'','2025-10-13 09:10:12.461219','2025-10-13 09:10:12.461237',NULL,50,4),(3,'2025-11-14','2025-11-18',5.00,'Personal reasons','REJECTED',NULL,'','2025-10-13 09:10:12.466256','2025-10-13 09:10:12.466274',NULL,1,1),(4,'2025-12-01','2025-12-06',6.00,'Personal reasons','REJECTED',NULL,'','2025-10-13 09:10:12.470215','2025-10-13 09:10:12.470231',NULL,38,4),(5,'2025-11-08','2025-11-13',6.00,'Personal reasons','PENDING',NULL,'','2025-10-13 09:10:12.474178','2025-10-13 09:10:12.474195',NULL,32,1),(6,'2025-11-01','2025-11-02',2.00,'Personal reasons','REJECTED',NULL,'','2025-10-13 09:10:12.478066','2025-10-13 09:10:12.478099',NULL,8,1),(7,'2025-11-18','2025-11-23',6.00,'Personal reasons','REJECTED',NULL,'','2025-10-13 09:10:12.482759','2025-10-13 09:10:12.482777',NULL,4,3),(8,'2025-10-14','2025-10-19',6.00,'Personal reasons','REJECTED',NULL,'','2025-10-13 09:10:12.486706','2025-10-13 09:10:12.486721',NULL,54,2),(9,'2025-11-25','2025-11-30',6.00,'Personal reasons','PENDING',NULL,'','2025-10-13 09:10:12.490640','2025-10-13 09:10:12.490656',NULL,32,2),(10,'2025-11-01','2025-11-06',6.00,'Personal reasons','APPROVED',NULL,'','2025-10-13 09:10:12.494589','2025-10-13 09:10:12.494604',NULL,10,2),(11,'2025-10-31','2025-11-04',5.00,'Personal reasons','PENDING',NULL,'','2025-10-13 09:10:12.499176','2025-10-13 09:10:12.499191',NULL,14,1),(12,'2025-11-27','2025-11-30',4.00,'Personal reasons','PENDING',NULL,'','2025-10-13 09:10:12.503057','2025-10-13 09:10:12.503072',NULL,49,1),(13,'2025-11-14','2025-11-16',3.00,'Personal reasons','APPROVED',NULL,'','2025-10-13 09:10:12.506862','2025-10-13 09:10:12.506877',NULL,15,1),(14,'2025-10-31','2025-11-04',5.00,'Personal reasons','APPROVED',NULL,'','2025-10-13 09:10:12.510746','2025-10-13 09:10:12.510762',NULL,53,1),(15,'2025-11-08','2025-11-11',4.00,'Personal reasons','APPROVED',NULL,'','2025-10-13 09:10:12.517786','2025-10-13 09:10:12.517802',NULL,32,2),(16,'2025-10-17','2025-10-19',3.00,'Personal reasons','APPROVED',NULL,'','2025-10-13 09:10:12.521752','2025-10-13 09:10:12.521770',NULL,58,4),(17,'2025-10-20','2025-10-21',2.00,'Personal reasons','APPROVED',NULL,'','2025-10-13 09:10:12.525573','2025-10-13 09:10:12.525587',NULL,56,1),(18,'2025-10-26','2025-10-27',2.00,'Personal reasons','APPROVED',NULL,'','2025-10-13 09:10:12.529542','2025-10-13 09:10:12.529561',NULL,10,2),(19,'2025-11-08','2025-11-09',2.00,'Personal reasons','PENDING',NULL,'','2025-10-13 09:10:12.533514','2025-10-13 09:10:12.533532',NULL,29,3),(20,'2025-11-26','2025-11-29',4.00,'Personal reasons','APPROVED',NULL,'','2025-10-13 09:10:12.537237','2025-10-13 09:10:12.537255',NULL,22,4);
/*!40000 ALTER TABLE `leave_requests` ENABLE KEYS */;
UNLOCK TABLES;

--
-- Table structure for table `leave_types`
--

DROP TABLE IF EXISTS `leave_types`;
/*!40101 SET @saved_cs_client     = @@character_set_client */;
/*!50503 SET character_set_client = utf8mb4 */;
CREATE TABLE `leave_types` (
  `id` bigint NOT NULL AUTO_INCREMENT,
  `name` varchar(100) NOT NULL,
  `description` longtext NOT NULL,
  `default_days_per_year` int NOT NULL,
  `is_paid` tinyint(1) NOT NULL,
  `requires_approval` tinyint(1) NOT NULL,
  `max_consecutive_days` int DEFAULT NULL,
  `color_code` varchar(7) NOT NULL,
  `created_at` datetime(6) NOT NULL,
  `updated_at` datetime(6) NOT NULL,
  PRIMARY KEY (`id`),
  UNIQUE KEY `name` (`name`)
) ENGINE=InnoDB AUTO_INCREMENT=5 DEFAULT CHARSET=utf8mb4 COLLATE=utf8mb4_0900_ai_ci;
/*!40101 SET character_set_client = @saved_cs_client */;

--
-- Dumping data for table `leave_types`
--

LOCK TABLES `leave_types` WRITE;
/*!40000 ALTER TABLE `leave_types` DISABLE KEYS */;
INSERT INTO `leave_types` VALUES (1,'Annual Leave','',20,1,1,NULL,'#3498db','2025-10-13 09:10:11.480585','2025-10-13 09:10:11.480631'),(2,'Sick Leave','',10,1,1,NULL,'#e74c3c','2025-10-13 09:10:11.507725','2025-10-13 09:10:11.507761'),(3,'Casual Leave','',7,1,1,NULL,'#2ecc71','2025-10-13 09:10:11.512181','2025-10-13 09:10:11.512220'),(4,'Unpaid Leave','',30,0,1,NULL,'#95a5a6','2025-10-13 09:10:11.516666','2025-10-13 09:10:11.516701');
/*!40000 ALTER TABLE `leave_types` ENABLE KEYS */;
UNLOCK TABLES;

--
-- Table structure for table `offers`
--

DROP TABLE IF EXISTS `offers`;
/*!40101 SET @saved_cs_client     = @@character_set_client */;
/*!50503 SET character_set_client = utf8mb4 */;
CREATE TABLE `offers` (
  `id` bigint NOT NULL AUTO_INCREMENT,
  `position` varchar(100) NOT NULL,
  `offered_salary` decimal(10,2) NOT NULL,
  `currency` varchar(3) NOT NULL,
  `start_date` date NOT NULL,
  `employment_type` varchar(20) NOT NULL,
  `offer_letter` varchar(100) DEFAULT NULL,
  `status` varchar(20) NOT NULL,
  `sent_date` date DEFAULT NULL,
  `expiry_date` date DEFAULT NULL,
  `response_date` date DEFAULT NULL,
  `notes` longtext NOT NULL,
  `created_at` datetime(6) NOT NULL,
  `updated_at` datetime(6) NOT NULL,
  `application_id` bigint NOT NULL,
  `department_id` bigint NOT NULL,
  PRIMARY KEY (`id`),
  UNIQUE KEY `application_id` (`application_id`),
  KEY `offers_department_id_8c71cb43_fk_departments_id` (`department_id`),
  CONSTRAINT `offers_application_id_44bfdf70_fk_applications_id` FOREIGN KEY (`application_id`) REFERENCES `applications` (`id`),
  CONSTRAINT `offers_department_id_8c71cb43_fk_departments_id` FOREIGN KEY (`department_id`) REFERENCES `departments` (`id`)
) ENGINE=InnoDB DEFAULT CHARSET=utf8mb4 COLLATE=utf8mb4_0900_ai_ci;
/*!40101 SET character_set_client = @saved_cs_client */;

--
-- Dumping data for table `offers`
--

LOCK TABLES `offers` WRITE;
/*!40000 ALTER TABLE `offers` DISABLE KEYS */;
/*!40000 ALTER TABLE `offers` ENABLE KEYS */;
UNLOCK TABLES;

--
-- Table structure for table `payroll_periods`
--

DROP TABLE IF EXISTS `payroll_periods`;
/*!40101 SET @saved_cs_client     = @@character_set_client */;
/*!50503 SET character_set_client = utf8mb4 */;
CREATE TABLE `payroll_periods` (
  `id` bigint NOT NULL AUTO_INCREMENT,
  `period_type` varchar(20) NOT NULL,
  `start_date` date NOT NULL,
  `end_date` date NOT NULL,
  `payment_date` date NOT NULL,
  `is_processed` tinyint(1) NOT NULL,
  `processed_at` datetime(6) DEFAULT NULL,
  `created_at` datetime(6) NOT NULL,
  `updated_at` datetime(6) NOT NULL,
  PRIMARY KEY (`id`)
) ENGINE=InnoDB DEFAULT CHARSET=utf8mb4 COLLATE=utf8mb4_0900_ai_ci;
/*!40101 SET character_set_client = @saved_cs_client */;

--
-- Dumping data for table `payroll_periods`
--

LOCK TABLES `payroll_periods` WRITE;
/*!40000 ALTER TABLE `payroll_periods` DISABLE KEYS */;
/*!40000 ALTER TABLE `payroll_periods` ENABLE KEYS */;
UNLOCK TABLES;

--
-- Table structure for table `payslips`
--

DROP TABLE IF EXISTS `payslips`;
/*!40101 SET @saved_cs_client     = @@character_set_client */;
/*!50503 SET character_set_client = utf8mb4 */;
CREATE TABLE `payslips` (
  `id` bigint NOT NULL AUTO_INCREMENT,
  `basic_salary` decimal(10,2) NOT NULL,
  `allowances` decimal(10,2) NOT NULL,
  `overtime_pay` decimal(10,2) NOT NULL,
  `bonuses` decimal(10,2) NOT NULL,
  `gross_salary` decimal(10,2) NOT NULL,
  `tax` decimal(10,2) NOT NULL,
  `insurance` decimal(10,2) NOT NULL,
  `retirement_fund` decimal(10,2) NOT NULL,
  `other_deductions` decimal(10,2) NOT NULL,
  `total_deductions` decimal(10,2) NOT NULL,
  `net_salary` decimal(10,2) NOT NULL,
  `status` varchar(20) NOT NULL,
  `payment_method` varchar(50) NOT NULL,
  `notes` longtext NOT NULL,
  `created_at` datetime(6) NOT NULL,
  `updated_at` datetime(6) NOT NULL,
  `employee_id` bigint NOT NULL,
  `payroll_period_id` bigint NOT NULL,
  PRIMARY KEY (`id`),
  UNIQUE KEY `payslips_employee_id_payroll_period_id_1190c406_uniq` (`employee_id`,`payroll_period_id`),
  KEY `payslips_payroll_period_id_ff4315a7_fk_payroll_periods_id` (`payroll_period_id`),
  CONSTRAINT `payslips_employee_id_542950e6_fk_employees_id` FOREIGN KEY (`employee_id`) REFERENCES `employees` (`id`),
  CONSTRAINT `payslips_payroll_period_id_ff4315a7_fk_payroll_periods_id` FOREIGN KEY (`payroll_period_id`) REFERENCES `payroll_periods` (`id`)
) ENGINE=InnoDB DEFAULT CHARSET=utf8mb4 COLLATE=utf8mb4_0900_ai_ci;
/*!40101 SET character_set_client = @saved_cs_client */;

--
-- Dumping data for table `payslips`
--

LOCK TABLES `payslips` WRITE;
/*!40000 ALTER TABLE `payslips` DISABLE KEYS */;
/*!40000 ALTER TABLE `payslips` ENABLE KEYS */;
UNLOCK TABLES;

--
-- Table structure for table `performance_review_cycles`
--

DROP TABLE IF EXISTS `performance_review_cycles`;
/*!40101 SET @saved_cs_client     = @@character_set_client */;
/*!50503 SET character_set_client = utf8mb4 */;
CREATE TABLE `performance_review_cycles` (
  `id` bigint NOT NULL AUTO_INCREMENT,
  `name` varchar(200) NOT NULL,
  `cycle_type` varchar(20) NOT NULL,
  `start_date` date NOT NULL,
  `end_date` date NOT NULL,
  `review_deadline` date NOT NULL,
  `is_active` tinyint(1) NOT NULL,
  `created_at` datetime(6) NOT NULL,
  `updated_at` datetime(6) NOT NULL,
  PRIMARY KEY (`id`)
) ENGINE=InnoDB AUTO_INCREMENT=2 DEFAULT CHARSET=utf8mb4 COLLATE=utf8mb4_0900_ai_ci;
/*!40101 SET character_set_client = @saved_cs_client */;

--
-- Dumping data for table `performance_review_cycles`
--

LOCK TABLES `performance_review_cycles` WRITE;
/*!40000 ALTER TABLE `performance_review_cycles` DISABLE KEYS */;
INSERT INTO `performance_review_cycles` VALUES (1,'Q4 2024 Performance Review','QUARTERLY','2024-10-01','2024-12-31','2025-01-15',1,'2025-10-13 09:10:14.400894','2025-10-13 09:10:14.400932');
/*!40000 ALTER TABLE `performance_review_cycles` ENABLE KEYS */;
UNLOCK TABLES;

--
-- Table structure for table `performance_reviews`
--

DROP TABLE IF EXISTS `performance_reviews`;
/*!40101 SET @saved_cs_client     = @@character_set_client */;
/*!50503 SET character_set_client = utf8mb4 */;
CREATE TABLE `performance_reviews` (
  `id` bigint NOT NULL AUTO_INCREMENT,
  `self_assessment` longtext NOT NULL,
  `self_rating` int DEFAULT NULL,
  `manager_feedback` longtext NOT NULL,
  `manager_rating` int DEFAULT NULL,
  `technical_skills_rating` int DEFAULT NULL,
  `communication_rating` int DEFAULT NULL,
  `teamwork_rating` int DEFAULT NULL,
  `leadership_rating` int DEFAULT NULL,
  `problem_solving_rating` int DEFAULT NULL,
  `overall_rating` int DEFAULT NULL,
  `strengths` longtext NOT NULL,
  `areas_for_improvement` longtext NOT NULL,
  `development_plan` longtext NOT NULL,
  `status` varchar(30) NOT NULL,
  `employee_acknowledgment` tinyint(1) NOT NULL,
  `employee_acknowledgment_date` datetime(6) DEFAULT NULL,
  `employee_comments` longtext NOT NULL,
  `created_at` datetime(6) NOT NULL,
  `updated_at` datetime(6) NOT NULL,
  `employee_id` bigint NOT NULL,
  `reviewer_id` bigint NOT NULL,
  `review_cycle_id` bigint NOT NULL,
  PRIMARY KEY (`id`),
  UNIQUE KEY `performance_reviews_employee_id_review_cycle_id_11b47829_uniq` (`employee_id`,`review_cycle_id`),
  KEY `performance_reviews_reviewer_id_d383baa3_fk_employees_id` (`reviewer_id`),
  KEY `performance_reviews_review_cycle_id_d50fce9f_fk_performan` (`review_cycle_id`),
  CONSTRAINT `performance_reviews_employee_id_bea82e52_fk_employees_id` FOREIGN KEY (`employee_id`) REFERENCES `employees` (`id`),
  CONSTRAINT `performance_reviews_review_cycle_id_d50fce9f_fk_performan` FOREIGN KEY (`review_cycle_id`) REFERENCES `performance_review_cycles` (`id`),
  CONSTRAINT `performance_reviews_reviewer_id_d383baa3_fk_employees_id` FOREIGN KEY (`reviewer_id`) REFERENCES `employees` (`id`)
) ENGINE=InnoDB DEFAULT CHARSET=utf8mb4 COLLATE=utf8mb4_0900_ai_ci;
/*!40101 SET character_set_client = @saved_cs_client */;

--
-- Dumping data for table `performance_reviews`
--

LOCK TABLES `performance_reviews` WRITE;
/*!40000 ALTER TABLE `performance_reviews` DISABLE KEYS */;
/*!40000 ALTER TABLE `performance_reviews` ENABLE KEYS */;
UNLOCK TABLES;

--
-- Table structure for table `positions`
--

DROP TABLE IF EXISTS `positions`;
/*!40101 SET @saved_cs_client     = @@character_set_client */;
/*!50503 SET character_set_client = utf8mb4 */;
CREATE TABLE `positions` (
  `id` bigint NOT NULL AUTO_INCREMENT,
  `title` varchar(100) NOT NULL,
  `description` longtext NOT NULL,
  `level` varchar(50) NOT NULL,
  `created_at` datetime(6) NOT NULL,
  `updated_at` datetime(6) NOT NULL,
  `department_id` bigint NOT NULL,
  PRIMARY KEY (`id`),
  KEY `positions_department_id_b3b7d6af_fk_departments_id` (`department_id`),
  CONSTRAINT `positions_department_id_b3b7d6af_fk_departments_id` FOREIGN KEY (`department_id`) REFERENCES `departments` (`id`)
) ENGINE=InnoDB AUTO_INCREMENT=19 DEFAULT CHARSET=utf8mb4 COLLATE=utf8mb4_0900_ai_ci;
/*!40101 SET character_set_client = @saved_cs_client */;

--
-- Dumping data for table `positions`
--

LOCK TABLES `positions` WRITE;
/*!40000 ALTER TABLE `positions` DISABLE KEYS */;
INSERT INTO `positions` VALUES (1,'Junior Developer','Junior Developer position in Engineering','','2025-10-13 09:09:10.425626','2025-10-13 09:09:10.425822',1),(2,'Senior Developer','Senior Developer position in Engineering','','2025-10-13 09:09:10.446816','2025-10-13 09:09:10.446880',1),(3,'Team Lead','Team Lead position in Engineering','','2025-10-13 09:09:10.481036','2025-10-13 09:09:10.481095',1),(4,'Engineering Manager','Engineering Manager position in Engineering','','2025-10-13 09:09:10.489742','2025-10-13 09:09:10.489796',1),(5,'Marketing Coordinator','Marketing Coordinator position in Marketing','','2025-10-13 09:09:10.495531','2025-10-13 09:09:10.495569',2),(6,'Marketing Manager','Marketing Manager position in Marketing','','2025-10-13 09:09:10.502823','2025-10-13 09:09:10.502866',2),(7,'Brand Manager','Brand Manager position in Marketing','','2025-10-13 09:09:10.508524','2025-10-13 09:09:10.508563',2),(8,'Sales Representative','Sales Representative position in Sales','','2025-10-13 09:09:10.514384','2025-10-13 09:09:10.514425',3),(9,'Sales Manager','Sales Manager position in Sales','','2025-10-13 09:09:10.522073','2025-10-13 09:09:10.522113',3),(10,'Account Executive','Account Executive position in Sales','','2025-10-13 09:09:10.529352','2025-10-13 09:09:10.529400',3),(11,'HR Coordinator','HR Coordinator position in Human Resources','','2025-10-13 09:09:10.536051','2025-10-13 09:09:10.536134',4),(12,'HR Manager','HR Manager position in Human Resources','','2025-10-13 09:09:10.541368','2025-10-13 09:09:10.541466',4),(13,'Recruiter','Recruiter position in Human Resources','','2025-10-13 09:09:10.548426','2025-10-13 09:09:10.548500',4),(14,'Accountant','Accountant position in Finance','','2025-10-13 09:09:10.555803','2025-10-13 09:09:10.555853',5),(15,'Financial Analyst','Financial Analyst position in Finance','','2025-10-13 09:09:10.562133','2025-10-13 09:09:10.562215',5),(16,'Finance Manager','Finance Manager position in Finance','','2025-10-13 09:09:10.569819','2025-10-13 09:09:10.569905',5),(17,'Operations Coordinator','Operations Coordinator position in Operations','','2025-10-13 09:09:10.576681','2025-10-13 09:09:10.576763',6),(18,'Operations Manager','Operations Manager position in Operations','','2025-10-13 09:09:10.582774','2025-10-13 09:09:10.582830',6);
/*!40000 ALTER TABLE `positions` ENABLE KEYS */;
UNLOCK TABLES;

--
-- Table structure for table `training_enrollments`
--

DROP TABLE IF EXISTS `training_enrollments`;
/*!40101 SET @saved_cs_client     = @@character_set_client */;
/*!50503 SET character_set_client = utf8mb4 */;
CREATE TABLE `training_enrollments` (
  `id` bigint NOT NULL AUTO_INCREMENT,
  `enrollment_date` date NOT NULL,
  `completion_date` date DEFAULT NULL,
  `status` varchar(20) NOT NULL,
  `attendance_percentage` decimal(5,2) NOT NULL,
  `score` decimal(5,2) DEFAULT NULL,
  `certificate` varchar(100) DEFAULT NULL,
  `feedback` longtext NOT NULL,
  `created_at` datetime(6) NOT NULL,
  `updated_at` datetime(6) NOT NULL,
  `employee_id` bigint NOT NULL,
  `training_program_id` bigint NOT NULL,
  PRIMARY KEY (`id`),
  UNIQUE KEY `training_enrollments_training_program_id_empl_b9efb876_uniq` (`training_program_id`,`employee_id`),
  KEY `training_enrollments_employee_id_3267bbde_fk_employees_id` (`employee_id`),
  CONSTRAINT `training_enrollments_employee_id_3267bbde_fk_employees_id` FOREIGN KEY (`employee_id`) REFERENCES `employees` (`id`),
  CONSTRAINT `training_enrollments_training_program_id_775d1155_fk_training_` FOREIGN KEY (`training_program_id`) REFERENCES `training_programs` (`id`)
) ENGINE=InnoDB DEFAULT CHARSET=utf8mb4 COLLATE=utf8mb4_0900_ai_ci;
/*!40101 SET character_set_client = @saved_cs_client */;

--
-- Dumping data for table `training_enrollments`
--

LOCK TABLES `training_enrollments` WRITE;
/*!40000 ALTER TABLE `training_enrollments` DISABLE KEYS */;
/*!40000 ALTER TABLE `training_enrollments` ENABLE KEYS */;
UNLOCK TABLES;

--
-- Table structure for table `training_programs`
--

DROP TABLE IF EXISTS `training_programs`;
/*!40101 SET @saved_cs_client     = @@character_set_client */;
/*!50503 SET character_set_client = utf8mb4 */;
CREATE TABLE `training_programs` (
  `id` bigint NOT NULL AUTO_INCREMENT,
  `name` varchar(200) NOT NULL,
  `description` longtext NOT NULL,
  `instructor` varchar(200) NOT NULL,
  `start_date` date NOT NULL,
  `end_date` date NOT NULL,
  `duration_hours` int NOT NULL,
  `max_participants` int NOT NULL,
  `location` varchar(200) NOT NULL,
  `status` varchar(20) NOT NULL,
  `created_at` datetime(6) NOT NULL,
  `updated_at` datetime(6) NOT NULL,
  PRIMARY KEY (`id`)
) ENGINE=InnoDB AUTO_INCREMENT=4 DEFAULT CHARSET=utf8mb4 COLLATE=utf8mb4_0900_ai_ci;
/*!40101 SET character_set_client = @saved_cs_client */;

--
-- Dumping data for table `training_programs`
--

LOCK TABLES `training_programs` WRITE;
/*!40000 ALTER TABLE `training_programs` DISABLE KEYS */;
INSERT INTO `training_programs` VALUES (1,'Leadership Training','Professional development program for Leadership Training','External Trainer','2025-11-12','2025-11-17',20,20,'Conference Room A','PLANNED','2025-10-13 09:10:14.413062','2025-10-13 09:10:14.413086'),(2,'Technical Skills Workshop','Professional development program for Technical Skills Workshop','External Trainer','2025-11-12','2025-11-17',16,20,'Conference Room A','PLANNED','2025-10-13 09:10:14.424437','2025-10-13 09:10:14.424456'),(3,'Communication Skills','Professional development program for Communication Skills','External Trainer','2025-11-12','2025-11-17',8,20,'Conference Room A','PLANNED','2025-10-13 09:10:14.428775','2025-10-13 09:10:14.428792');
/*!40000 ALTER TABLE `training_programs` ENABLE KEYS */;
UNLOCK TABLES;

--
-- Table structure for table `users`
--

DROP TABLE IF EXISTS `users`;
/*!40101 SET @saved_cs_client     = @@character_set_client */;
/*!50503 SET character_set_client = utf8mb4 */;
CREATE TABLE `users` (
  `id` bigint NOT NULL AUTO_INCREMENT,
  `password` varchar(128) NOT NULL,
  `last_login` datetime(6) DEFAULT NULL,
  `is_superuser` tinyint(1) NOT NULL,
  `first_name` varchar(150) NOT NULL,
  `last_name` varchar(150) NOT NULL,
  `is_staff` tinyint(1) NOT NULL,
  `is_active` tinyint(1) NOT NULL,
  `date_joined` datetime(6) NOT NULL,
  `email` varchar(254) NOT NULL,
  `role` varchar(20) NOT NULL,
  `phone` varchar(15) DEFAULT NULL,
  `profile_picture` varchar(100) DEFAULT NULL,
  `created_at` datetime(6) NOT NULL,
  `updated_at` datetime(6) NOT NULL,
  PRIMARY KEY (`id`),
  UNIQUE KEY `email` (`email`)
) ENGINE=InnoDB AUTO_INCREMENT=61 DEFAULT CHARSET=utf8mb4 COLLATE=utf8mb4_0900_ai_ci;
/*!40101 SET character_set_client = @saved_cs_client */;

--
-- Dumping data for table `users`
--

LOCK TABLES `users` WRITE;
/*!40000 ALTER TABLE `users` DISABLE KEYS */;
INSERT INTO `users` VALUES (1,'pbkdf2_sha256$600000$25vEAXhZd5DswEfyjsfn4S$S6ViGbkucMz8ngR5Nc5ay4lpTyOQIg84W2Fr5jtGHsU=','2025-10-13 06:46:05.439508',1,'Aslam','Khan',1,1,'2025-10-13 06:44:45.197701','makcrescent@gmail.com','ADMIN',NULL,'','2025-10-13 06:44:46.112099','2025-10-13 06:44:46.112113'),(2,'pbkdf2_sha256$1000000$fQTkQ18yhOXJWvBI53HH6E$3VOAUXCSKYn6/TmSc34qa39a2eq+h29oIcQHstD67jo=',NULL,0,'Patricia','Thomas',0,1,'2025-10-13 09:09:10.592445','patricia.thomas1@company.com','MANAGER',NULL,'','2025-10-13 09:09:11.898187','2025-10-13 09:10:11.220195'),(3,'pbkdf2_sha256$1000000$T1Aqdq4WSa756iDpvHvVRD$eUCitkKOrsFu8OLqMDtjry8TaUo5KIL2i4lOUel5EN8=',NULL,0,'Ashley','Martin',0,1,'2025-10-13 09:09:11.941971','ashley.martin2@company.com','MANAGER',NULL,'','2025-10-13 09:09:13.127239','2025-10-13 09:09:13.127270'),(4,'pbkdf2_sha256$1000000$3awRFnotnNpcghLqrWWhBK$xulZTf7c0h05PfZ0FtJpjkYT9i8P+6Djd8CvQUwTF9c=',NULL,0,'Emily','Taylor',0,1,'2025-10-13 09:09:13.139817','emily.taylor3@company.com','EMPLOYEE',NULL,'','2025-10-13 09:09:14.314774','2025-10-13 09:09:14.314791'),(5,'pbkdf2_sha256$1000000$XXis57FyluXjqSX6ZQmCIs$xDk/Z+nhyvcrr44Zk0UaLFmU6oxgsp/rM6WzZf/jSpg=',NULL,0,'Linda','Jones',0,1,'2025-10-13 09:09:14.326444','linda.jones4@company.com','EMPLOYEE',NULL,'','2025-10-13 09:09:15.697325','2025-10-13 09:09:15.697339'),(6,'pbkdf2_sha256$1000000$P4DeLfVq1Q8iaAjUudjTsv$wXoTRnlg99zzJcXrvTXIUZx1hhGBd7si6F94JMNwsiI=',NULL,0,'John','Jones',0,1,'2025-10-13 09:09:15.708148','john.jones5@company.com','MANAGER',NULL,'','2025-10-13 09:09:16.922468','2025-10-13 09:09:16.922493'),(7,'pbkdf2_sha256$1000000$UZ3RMsloj1CjSVfcglfVHC$ytBDOUl2Lh9UY6KCZdu8LZh3WQL/hMTGsZCIZU+zKYM=',NULL,0,'Daniel','Wilson',0,1,'2025-10-13 09:09:16.931997','daniel.wilson6@company.com','EMPLOYEE',NULL,'','2025-10-13 09:09:18.062715','2025-10-13 09:09:18.062737'),(8,'pbkdf2_sha256$1000000$1AGs9LJ2vjIF6iWb9XWKo9$1HcN13G2YpjhW5LCTAPiGbxPtyRvBbuw3TiMrzwqS+s=',NULL,0,'Richard','Martinez',0,1,'2025-10-13 09:09:18.071141','richard.martinez7@company.com','MANAGER',NULL,'','2025-10-13 09:09:19.176814','2025-10-13 09:09:19.176830'),(9,'pbkdf2_sha256$1000000$QPI3HIiWpexRKkEWzziDMo$jG9SdoKt4HOfox5QeeYX4BImrKu1NEC/2M1rIgo5kbk=',NULL,0,'Jessica','Taylor',0,1,'2025-10-13 09:09:19.186996','jessica.taylor8@company.com','EMPLOYEE',NULL,'','2025-10-13 09:09:20.336201','2025-10-13 09:09:20.336215'),(10,'pbkdf2_sha256$1000000$U81zRUHD0M0IL4qKP9AF0s$r+bDkZhtZ5A/6yILuAxTotda9IoQbUHJY15RK/t0NJ8=',NULL,0,'Patricia','Smith',0,1,'2025-10-13 09:09:20.346291','patricia.smith9@company.com','EMPLOYEE',NULL,'','2025-10-13 09:09:21.436600','2025-10-13 09:09:21.436612'),(11,'pbkdf2_sha256$1000000$Q8iQfWw6VUkvPqCyOpViCl$XE4QZlqpPrhDCjy89khDYPN3WxQDQRcXOD7otBznnME=',NULL,0,'William','Moore',0,1,'2025-10-13 09:09:21.445586','william.moore10@company.com','MANAGER',NULL,'','2025-10-13 09:09:22.591063','2025-10-13 09:10:11.264882'),(12,'pbkdf2_sha256$1000000$oh55yhlwD6aKz2TVdw3Vhr$xMt2DR6UVbyPA2bfFRQmFzAd7qtcD9wrW69HiOKfkBM=',NULL,0,'Christopher','Martinez',0,1,'2025-10-13 09:09:22.601197','christopher.martinez11@company.com','EMPLOYEE',NULL,'','2025-10-13 09:09:23.815069','2025-10-13 09:09:23.815084'),(13,'pbkdf2_sha256$1000000$waI1WLlzYUcqZ5UVc4vqRr$2PYeUiYUvtw991n+BhMxNgaKC8TwSLr5UW5VZtN6ubk=',NULL,0,'James','Gonzalez',0,1,'2025-10-13 09:09:23.825230','james.gonzalez12@company.com','EMPLOYEE',NULL,'','2025-10-13 09:09:25.054399','2025-10-13 09:09:25.054411'),(14,'pbkdf2_sha256$1000000$sO8JnEh8eWhC3W4r9CWvPS$VVjMj6ZTvdPLzjK6fYDJuoNUYRBRtxE2ldHghr9ZH38=',NULL,0,'William','Harris',0,1,'2025-10-13 09:09:25.064598','william.harris13@company.com','EMPLOYEE',NULL,'','2025-10-13 09:09:26.038894','2025-10-13 09:09:26.038907'),(15,'pbkdf2_sha256$1000000$IKdT5oSMr5lir35rGWM5a2$NF16mBomlYHwBmN/3pcrieTmQkZqizJJjvTMRppLhFs=',NULL,0,'Karen','Miller',0,1,'2025-10-13 09:09:26.050220','karen.miller14@company.com','MANAGER',NULL,'','2025-10-13 09:09:26.990703','2025-10-13 09:09:26.990718'),(16,'pbkdf2_sha256$1000000$JS8Fj6ySd03hi7JliLrnzj$RuJRm9rawCtyJzy+yzd6J3CSMAf18tyReSXY7CLg/kE=',NULL,0,'Ashley','Anderson',0,1,'2025-10-13 09:09:27.001457','ashley.anderson15@company.com','MANAGER',NULL,'','2025-10-13 09:09:27.940607','2025-10-13 09:09:27.940629'),(17,'pbkdf2_sha256$1000000$cZFN757bgJDiyo3T4cVLV7$vZpH5aG+eru0+uc7P1S2Z2CRlhGd8+1//TR68/FAPDE=',NULL,0,'Ashley','Thomas',0,1,'2025-10-13 09:09:27.951075','ashley.thomas16@company.com','EMPLOYEE',NULL,'','2025-10-13 09:09:28.888778','2025-10-13 09:09:28.888793'),(18,'pbkdf2_sha256$1000000$SM8N2Sm7BMR8A0k6Xyme1m$zGuKleWPiX5wJButOPJMsBWTXJ2Rc3JT3G/1EIjruBo=',NULL,0,'Lisa','Lopez',0,1,'2025-10-13 09:09:28.899008','lisa.lopez17@company.com','MANAGER',NULL,'','2025-10-13 09:09:29.836035','2025-10-13 09:09:29.836045'),(19,'pbkdf2_sha256$1000000$JrpDWNIwfTwJaF0TGFh2Rg$xD+3ZYgTYY6qE6BQtS53JOltb7Hv5stE1rgA8PNEPbY=',NULL,0,'Donna','Lopez',0,1,'2025-10-13 09:09:29.845039','donna.lopez18@company.com','EMPLOYEE',NULL,'','2025-10-13 09:09:30.901343','2025-10-13 09:09:30.901355'),(20,'pbkdf2_sha256$1000000$X5BoY8FUebISE4wmRs70Sm$bACYggFCzE/CI4aUH6co8iBd1JypwLY8TJ/1ZFUe+84=',NULL,0,'Sandra','Hernandez',0,1,'2025-10-13 09:09:30.910948','sandra.hernandez19@company.com','MANAGER',NULL,'','2025-10-13 09:09:31.853991','2025-10-13 09:10:11.312433'),(21,'pbkdf2_sha256$1000000$NXPljDSgNIoNYNmnD9lxz1$ZSACww+DhkIzbjGYfPH8lJ+MBl9ght4HchUm1r8bmm0=',NULL,0,'Sandra','Moore',0,1,'2025-10-13 09:09:31.863956','sandra.moore20@company.com','EMPLOYEE',NULL,'','2025-10-13 09:09:32.809633','2025-10-13 09:09:32.809655'),(22,'pbkdf2_sha256$1000000$uPxUruVinh5V4nDW6IXPz9$iT5+upnxU80oMxTnvm3P1u+ewLuomfRHlEk9vq8crNw=',NULL,0,'Maria','Gonzalez',0,1,'2025-10-13 09:09:32.819743','maria.gonzalez21@company.com','MANAGER',NULL,'','2025-10-13 09:09:33.881640','2025-10-13 09:09:33.881655'),(23,'pbkdf2_sha256$1000000$8J0KI0lGFTkFlwlBJUPGVq$m12xS0Kh/KPopypN4H2mK1LLD/Hm+hkfbJ8QTfmP/HM=',NULL,0,'Ashley','Thomas',0,1,'2025-10-13 09:09:33.890794','ashley.thomas22@company.com','EMPLOYEE',NULL,'','2025-10-13 09:09:34.833375','2025-10-13 09:09:34.833385'),(24,'pbkdf2_sha256$1000000$xtwEyRfRdFpHhmajcSFGHF$Djvc/1wcHpjfMBfMEcw2si/ZS1ToouyJ+/fUK0gP0nY=',NULL,0,'Linda','Moore',0,1,'2025-10-13 09:09:34.845181','linda.moore23@company.com','EMPLOYEE',NULL,'','2025-10-13 09:09:35.783798','2025-10-13 09:09:35.783813'),(25,'pbkdf2_sha256$1000000$q8UTI9AbDxLOGj3tk2LDSy$dXNHvLkC+1JT6KCnloX2H4hHHj0sIJfloDnOxWmQNL4=',NULL,0,'Maria','Davis',0,1,'2025-10-13 09:09:35.795658','maria.davis24@company.com','EMPLOYEE',NULL,'','2025-10-13 09:09:36.729777','2025-10-13 09:09:36.729792'),(26,'pbkdf2_sha256$1000000$cwd1tXckrC1nwKYePeo61c$hZ/l3xWHiboRg/d8V0io6iMi9ssT1T99ynheUlu5IOE=',NULL,0,'Ashley','Williams',0,1,'2025-10-13 09:09:36.738527','ashley.williams25@company.com','MANAGER',NULL,'','2025-10-13 09:09:37.682040','2025-10-13 09:09:37.682051'),(27,'pbkdf2_sha256$1000000$wiJL72R9HUj4OkPXTFfmeN$QRFyW5tiUASABIm2m7Cr8jLNOG46XhGSV3RtHnqABX4=',NULL,0,'Jessica','Taylor',0,1,'2025-10-13 09:09:37.690046','jessica.taylor26@company.com','EMPLOYEE',NULL,'','2025-10-13 09:09:38.625523','2025-10-13 09:09:38.625537'),(28,'pbkdf2_sha256$1000000$l11o4MFXnmDtR1Sqn6qmZW$pFSjVlwAVGhodSheJIr/n+88Dmasa3efVcL4CMliFuo=',NULL,0,'Brian','Wilson',0,1,'2025-10-13 09:09:38.634738','brian.wilson27@company.com','EMPLOYEE',NULL,'','2025-10-13 09:09:39.619767','2025-10-13 09:09:39.619781'),(29,'pbkdf2_sha256$1000000$h59zgNJDZoACzumAneZwR0$OJHYlLFg8uMEySIk6tO5FkU3Rw6FAODVTjcoLGXp1Is=',NULL,0,'Emily','Lopez',0,1,'2025-10-13 09:09:39.631384','emily.lopez28@company.com','EMPLOYEE',NULL,'','2025-10-13 09:09:40.623498','2025-10-13 09:09:40.623516'),(30,'pbkdf2_sha256$1000000$ASAzvbAfqcHQBWbJQMMXL6$sHmNH3gC3+LlLpZjnbPdtqqOqH1rdsusDPt7wMdG32U=',NULL,0,'Christopher','Anderson',0,1,'2025-10-13 09:09:40.632885','christopher.anderson29@company.com','EMPLOYEE',NULL,'','2025-10-13 09:09:41.754040','2025-10-13 09:09:41.754050'),(31,'pbkdf2_sha256$1000000$bCKgnia2LI0bFq45q2UHmL$dJlyCr3adIcQndeQ57PGBnQ224M2T3pagrYCQcVfzpo=',NULL,0,'Helen','Martinez',0,1,'2025-10-13 09:09:41.762962','helen.martinez30@company.com','EMPLOYEE',NULL,'','2025-10-13 09:09:42.800382','2025-10-13 09:09:42.800396'),(32,'pbkdf2_sha256$1000000$BblI9xBXhLfT5K6RexB59F$TV8b2YpYBxDlkGTkGu2NJNkXLvF8k/dYa9zZeGJZzDY=',NULL,0,'David','Jones',0,1,'2025-10-13 09:09:42.812269','david.jones31@company.com','MANAGER',NULL,'','2025-10-13 09:09:43.763049','2025-10-13 09:10:11.363179'),(33,'pbkdf2_sha256$1000000$AJ1gfUnrshKQYX7eGXPYaO$wxO2eD7GRtLcsIPeJEjJGyqBwWo2aiRgvCCnSfxoRHM=',NULL,0,'Richard','Martinez',0,1,'2025-10-13 09:09:43.770956','richard.martinez32@company.com','MANAGER',NULL,'','2025-10-13 09:09:44.707984','2025-10-13 09:09:44.707999'),(34,'pbkdf2_sha256$1000000$hXeiQiEWIlDGXE2S94aNWg$Cg5edrmAN5Y4frjoXoDAmlo76Uj+K1LyD+nj2Ao/5ow=',NULL,0,'Helen','Johnson',0,1,'2025-10-13 09:09:44.718343','helen.johnson33@company.com','MANAGER',NULL,'','2025-10-13 09:09:45.653056','2025-10-13 09:09:45.653066'),(35,'pbkdf2_sha256$1000000$z9xOoxrOWtq1EwTTIDCs6D$qNQDQEjs85Anh145Q0FaajPbU51LxTCROy01hW5I3As=',NULL,0,'William','Lee',0,1,'2025-10-13 09:09:45.662991','william.lee34@company.com','EMPLOYEE',NULL,'','2025-10-13 09:09:46.604810','2025-10-13 09:09:46.604823'),(36,'pbkdf2_sha256$1000000$nlSpx1q9f63xFbsdEa9Swn$8PGXYlyZH1di7vyT6h2L/4QZeEwZsze+XhnfW3YWeEI=',NULL,0,'Maria','Jones',0,1,'2025-10-13 09:09:46.614809','maria.jones35@company.com','MANAGER',NULL,'','2025-10-13 09:09:47.558700','2025-10-13 09:09:47.558715'),(37,'pbkdf2_sha256$1000000$VPlrvLAcpDRXU4qUQxav2E$zeaUT8PomBewLOmYiIJpp3v6R3KYA75Poq7/5XhOdZo=',NULL,0,'Brian','Johnson',0,1,'2025-10-13 09:09:47.567960','brian.johnson36@company.com','EMPLOYEE',NULL,'','2025-10-13 09:09:48.509846','2025-10-13 09:09:48.509862'),(38,'pbkdf2_sha256$1000000$ZjkJA4V17TqXj17QLfZcTm$GuqyETZT6xPbOChPb2ndcABOCPP3niChsHN18vzmCnA=',NULL,0,'Lisa','Davis',0,1,'2025-10-13 09:09:48.518577','lisa.davis37@company.com','EMPLOYEE',NULL,'','2025-10-13 09:09:49.459551','2025-10-13 09:09:49.459565'),(39,'pbkdf2_sha256$1000000$V2BkYjG4jt14hTtFAaLyDJ$GUtmVK8m0+Ag0RNuLff9yQicG7ryawj9GFYj31IPPyE=',NULL,0,'Michael','Moore',0,1,'2025-10-13 09:09:49.469805','michael.moore38@company.com','EMPLOYEE',NULL,'','2025-10-13 09:09:50.406447','2025-10-13 09:09:50.406461'),(40,'pbkdf2_sha256$1000000$hlEwYKiP6gSuJcBWPaM3TV$8RlF4PB7scR3baNpEpEXY12CKahKzDcz/gLK+4weLvQ=',NULL,0,'Ryan','Anderson',0,1,'2025-10-13 09:09:50.415744','ryan.anderson39@company.com','MANAGER',NULL,'','2025-10-13 09:09:51.356053','2025-10-13 09:09:51.356068'),(41,'pbkdf2_sha256$1000000$OqToyUH6P0n81Ct28rH5Dp$FfYNkZE63P6ZPkYu6iQbye4qd44pEKUkmtfSXF/nxRw=',NULL,0,'Emily','Jones',0,1,'2025-10-13 09:09:51.366547','emily.jones40@company.com','EMPLOYEE',NULL,'','2025-10-13 09:09:52.304255','2025-10-13 09:09:52.304270'),(42,'pbkdf2_sha256$1000000$HjbbVEaaq6xqjDoD0y7Ldh$PpVTM+lMW+uujMcSWUixEupBWc9yGXZGHzYY3G55Xb8=',NULL,0,'Brian','Garcia',0,1,'2025-10-13 09:09:52.313968','brian.garcia41@company.com','MANAGER',NULL,'','2025-10-13 09:09:53.252069','2025-10-13 09:10:11.415555'),(43,'pbkdf2_sha256$1000000$5d2S5DCQuOMdnI2Jua6Api$LrwZtnEx87IePTv6p0lTeseoVK5QX4cjKSYVS8u434w=',NULL,0,'Matthew','Martin',0,1,'2025-10-13 09:09:53.262042','matthew.martin42@company.com','EMPLOYEE',NULL,'','2025-10-13 09:09:54.204155','2025-10-13 09:09:54.204171'),(44,'pbkdf2_sha256$1000000$f2mhXpCsUa0qHg2a8b04Xe$6jcZFjLagAIuoVnGghKRlTdHJ9KjMOqgIlp6TDSt3XY=',NULL,0,'James','Davis',0,1,'2025-10-13 09:09:54.213620','james.davis43@company.com','EMPLOYEE',NULL,'','2025-10-13 09:09:55.166433','2025-10-13 09:09:55.166448'),(45,'pbkdf2_sha256$1000000$xFN0dK3giCoRq2zKSkFjfp$MkBqylqy6UlRUNW8R5zZ0ls5GvRHAvsQSYIUnKQ4g+U=',NULL,0,'Richard','Moore',0,1,'2025-10-13 09:09:55.175564','richard.moore44@company.com','EMPLOYEE',NULL,'','2025-10-13 09:09:56.113642','2025-10-13 09:09:56.113656'),(46,'pbkdf2_sha256$1000000$V68PBcezglYdK49RUW26XS$DDrIxqmq3JdfN5hQYhIU40+xlel/VfF0bq0Qad5xlnk=',NULL,0,'Andrew','Wilson',0,1,'2025-10-13 09:09:56.124940','andrew.wilson45@company.com','EMPLOYEE',NULL,'','2025-10-13 09:09:57.064329','2025-10-13 09:09:57.064343'),(47,'pbkdf2_sha256$1000000$imHeriw7Ioyhl40q5d68fz$AXhyISmNDwN+V534djbvywemO2gdCgcmfp/7QkgkxE0=',NULL,0,'Andrew','Rodriguez',0,1,'2025-10-13 09:09:57.074220','andrew.rodriguez46@company.com','EMPLOYEE',NULL,'','2025-10-13 09:09:58.012939','2025-10-13 09:09:58.012953'),(48,'pbkdf2_sha256$1000000$c0Ej2CqjkQMpNEiYmW6WUg$IUTaCbmDK4rBOHcq/kbdrxglXUpd0FQW6r/SfmmTCms=',NULL,0,'William','Rodriguez',0,1,'2025-10-13 09:09:58.023196','william.rodriguez47@company.com','EMPLOYEE',NULL,'','2025-10-13 09:09:58.960677','2025-10-13 09:09:58.960691'),(49,'pbkdf2_sha256$1000000$n1rFG5P9qlAA6L420X9742$t/GaCzfdUtLYFshkrJ9jy/rOKlzYuoYVSByRsTOOyt8=',NULL,0,'Ashley','Miller',0,1,'2025-10-13 09:09:58.970894','ashley.miller48@company.com','MANAGER',NULL,'','2025-10-13 09:09:59.906590','2025-10-13 09:09:59.906604'),(50,'pbkdf2_sha256$1000000$ckyYm2tncTRITRPQqjnKjE$AJQaZwvyuFEIZwgxi32M2iOqI95Kr8f5Q2T6h89zrYU=',NULL,0,'Lisa','Smith',0,1,'2025-10-13 09:09:59.916966','lisa.smith49@company.com','MANAGER',NULL,'','2025-10-13 09:10:01.008963','2025-10-13 09:10:11.447536'),(51,'pbkdf2_sha256$1000000$3x078SOze7F4HAIOSLOALl$KxF9m0wxtphd34Qf5yK3gPF9hPaThlQAk2JQ2slwO5k=',NULL,0,'Patricia','Brown',0,1,'2025-10-13 09:10:01.017792','patricia.brown50@company.com','EMPLOYEE',NULL,'','2025-10-13 09:10:02.122733','2025-10-13 09:10:02.122745'),(52,'pbkdf2_sha256$1000000$4H2CUVU5raLLoHtky55Njz$LAA7GZsPEGTOjeWdOTi5g/srLsT6kBinA5mYyUR6XlI=',NULL,0,'William','Lopez',0,1,'2025-10-13 09:10:02.135501','william.lopez51@company.com','MANAGER',NULL,'','2025-10-13 09:10:03.238306','2025-10-13 09:10:03.238329'),(53,'pbkdf2_sha256$1000000$FWBgqX9H1TGsWXJZaCU6CZ$zARBEMskz7VNtSVeKThVyOGplh9kQglxMXqoqIiic5w=',NULL,0,'Jennifer','Rodriguez',0,1,'2025-10-13 09:10:03.248182','jennifer.rodriguez52@company.com','EMPLOYEE',NULL,'','2025-10-13 09:10:04.308504','2025-10-13 09:10:04.308520'),(54,'pbkdf2_sha256$1000000$XRnOUdW23xhvuioDPISRYw$befO5EAEL/wSCXn81ZHffpwtij4Dsoh5KpPKKBXUEKk=',NULL,0,'Daniel','Johnson',0,1,'2025-10-13 09:10:04.318484','daniel.johnson53@company.com','EMPLOYEE',NULL,'','2025-10-13 09:10:05.477993','2025-10-13 09:10:05.478009'),(55,'pbkdf2_sha256$1000000$rvV9WoG7KVB8mRkgdRuprR$JBIlxEaMO8fAOL9SypkeCq3rA2P7NjMTSuQFoFBtDHk=',NULL,0,'Jennifer','Garcia',0,1,'2025-10-13 09:10:05.489013','jennifer.garcia54@company.com','EMPLOYEE',NULL,'','2025-10-13 09:10:06.628860','2025-10-13 09:10:06.628882'),(56,'pbkdf2_sha256$1000000$rKOMLkaEfutbz6h9rgacjq$UKsuKeAmCiPKFVeWyPUe9Gpp+ZGdbDSS7ozu6FQjz4A=',NULL,0,'Ashley','Thomas',0,1,'2025-10-13 09:10:06.638943','ashley.thomas55@company.com','MANAGER',NULL,'','2025-10-13 09:10:07.921627','2025-10-13 09:10:07.921642'),(57,'pbkdf2_sha256$1000000$UdZJDwj1aoJC2BGsLPLCAO$1BZZPKkt6MmmT5G9VXqbPCDA3YKG8uHaR4GDZy8IK7Y=',NULL,0,'Ryan','Brown',0,1,'2025-10-13 09:10:07.931419','ryan.brown56@company.com','MANAGER',NULL,'','2025-10-13 09:10:09.014054','2025-10-13 09:10:09.014068'),(58,'pbkdf2_sha256$1000000$l4gQTVWXT4hK9b40fYT5HE$eXUU0JeKH7VFIo4eoaWw5dbHHQI8cOgDtWFHcuClX1E=',NULL,0,'William','Smith',0,1,'2025-10-13 09:10:09.023098','william.smith57@company.com','EMPLOYEE',NULL,'','2025-10-13 09:10:10.070518','2025-10-13 09:10:10.070532'),(59,'pbkdf2_sha256$1000000$mJ0ICZJoRjpb2FBDS4tsH8$bz8EPFRVRKsvU1gMCSHDllX/PVsi8B3/7ooYgzkF0o0=',NULL,0,'Lisa','Brown',0,1,'2025-10-13 09:10:10.080374','lisa.brown58@company.com','EMPLOYEE',NULL,'','2025-10-13 09:10:11.199165','2025-10-13 09:10:11.199189'),(60,'pbkdf2_sha256$600000$TZeNDJSzRwnb1ZTHiljydB$ylQK4z+biz7pIyiMuGNqLdfE4u+CsTrQ5MnHPp3rsiE=',NULL,1,'Admin','Admin',1,1,'2026-01-08 07:24:01.209072','admin@gmail.com','ADMIN',NULL,'','2026-01-08 07:24:02.127335','2026-01-08 07:40:34.358566');
/*!40000 ALTER TABLE `users` ENABLE KEYS */;
UNLOCK TABLES;

--
-- Table structure for table `users_groups`
--

DROP TABLE IF EXISTS `users_groups`;
/*!40101 SET @saved_cs_client     = @@character_set_client */;
/*!50503 SET character_set_client = utf8mb4 */;
CREATE TABLE `users_groups` (
  `id` bigint NOT NULL AUTO_INCREMENT,
  `user_id` bigint NOT NULL,
  `group_id` int NOT NULL,
  PRIMARY KEY (`id`),
  UNIQUE KEY `users_groups_user_id_group_id_fc7788e8_uniq` (`user_id`,`group_id`),
  KEY `users_groups_group_id_2f3517aa_fk_auth_group_id` (`group_id`),
  CONSTRAINT `users_groups_group_id_2f3517aa_fk_auth_group_id` FOREIGN KEY (`group_id`) REFERENCES `auth_group` (`id`),
  CONSTRAINT `users_groups_user_id_f500bee5_fk_users_id` FOREIGN KEY (`user_id`) REFERENCES `users` (`id`)
) ENGINE=InnoDB DEFAULT CHARSET=utf8mb4 COLLATE=utf8mb4_0900_ai_ci;
/*!40101 SET character_set_client = @saved_cs_client */;

--
-- Dumping data for table `users_groups`
--

LOCK TABLES `users_groups` WRITE;
/*!40000 ALTER TABLE `users_groups` DISABLE KEYS */;
/*!40000 ALTER TABLE `users_groups` ENABLE KEYS */;
UNLOCK TABLES;

--
-- Table structure for table `users_user_permissions`
--

DROP TABLE IF EXISTS `users_user_permissions`;
/*!40101 SET @saved_cs_client     = @@character_set_client */;
/*!50503 SET character_set_client = utf8mb4 */;
CREATE TABLE `users_user_permissions` (
  `id` bigint NOT NULL AUTO_INCREMENT,
  `user_id` bigint NOT NULL,
  `permission_id` int NOT NULL,
  PRIMARY KEY (`id`),
  UNIQUE KEY `users_user_permissions_user_id_permission_id_3b86cbdf_uniq` (`user_id`,`permission_id`),
  KEY `users_user_permissio_permission_id_6d08dcd2_fk_auth_perm` (`permission_id`),
  CONSTRAINT `users_user_permissio_permission_id_6d08dcd2_fk_auth_perm` FOREIGN KEY (`permission_id`) REFERENCES `auth_permission` (`id`),
  CONSTRAINT `users_user_permissions_user_id_92473840_fk_users_id` FOREIGN KEY (`user_id`) REFERENCES `users` (`id`)
) ENGINE=InnoDB DEFAULT CHARSET=utf8mb4 COLLATE=utf8mb4_0900_ai_ci;
/*!40101 SET character_set_client = @saved_cs_client */;

--
-- Dumping data for table `users_user_permissions`
--

LOCK TABLES `users_user_permissions` WRITE;
/*!40000 ALTER TABLE `users_user_permissions` DISABLE KEYS */;
/*!40000 ALTER TABLE `users_user_permissions` ENABLE KEYS */;
UNLOCK TABLES;

--
-- Table structure for table `work_experiences`
--

DROP TABLE IF EXISTS `work_experiences`;
/*!40101 SET @saved_cs_client     = @@character_set_client */;
/*!50503 SET character_set_client = utf8mb4 */;
CREATE TABLE `work_experiences` (
  `id` bigint NOT NULL AUTO_INCREMENT,
  `company_name` varchar(200) NOT NULL,
  `position` varchar(100) NOT NULL,
  `start_date` date NOT NULL,
  `end_date` date DEFAULT NULL,
  `responsibilities` longtext NOT NULL,
  `created_at` datetime(6) NOT NULL,
  `updated_at` datetime(6) NOT NULL,
  `employee_id` bigint NOT NULL,
  PRIMARY KEY (`id`),
  KEY `work_experiences_employee_id_284d7859_fk_employees_id` (`employee_id`),
  CONSTRAINT `work_experiences_employee_id_284d7859_fk_employees_id` FOREIGN KEY (`employee_id`) REFERENCES `employees` (`id`)
) ENGINE=InnoDB DEFAULT CHARSET=utf8mb4 COLLATE=utf8mb4_0900_ai_ci;
/*!40101 SET character_set_client = @saved_cs_client */;

--
-- Dumping data for table `work_experiences`
--

LOCK TABLES `work_experiences` WRITE;
/*!40000 ALTER TABLE `work_experiences` DISABLE KEYS */;
/*!40000 ALTER TABLE `work_experiences` ENABLE KEYS */;
UNLOCK TABLES;

--
-- Table structure for table `work_schedules`
--

DROP TABLE IF EXISTS `work_schedules`;
/*!40101 SET @saved_cs_client     = @@character_set_client */;
/*!50503 SET character_set_client = utf8mb4 */;
CREATE TABLE `work_schedules` (
  `id` bigint NOT NULL AUTO_INCREMENT,
  `day_of_week` varchar(10) NOT NULL,
  `start_time` time(6) NOT NULL,
  `end_time` time(6) NOT NULL,
  `is_working_day` tinyint(1) NOT NULL,
  `created_at` datetime(6) NOT NULL,
  `updated_at` datetime(6) NOT NULL,
  `employee_id` bigint NOT NULL,
  PRIMARY KEY (`id`),
  UNIQUE KEY `work_schedules_employee_id_day_of_week_1a096b30_uniq` (`employee_id`,`day_of_week`),
  CONSTRAINT `work_schedules_employee_id_b3248df8_fk_employees_id` FOREIGN KEY (`employee_id`) REFERENCES `employees` (`id`)
) ENGINE=InnoDB DEFAULT CHARSET=utf8mb4 COLLATE=utf8mb4_0900_ai_ci;
/*!40101 SET character_set_client = @saved_cs_client */;

--
-- Dumping data for table `work_schedules`
--

LOCK TABLES `work_schedules` WRITE;
/*!40000 ALTER TABLE `work_schedules` DISABLE KEYS */;
/*!40000 ALTER TABLE `work_schedules` ENABLE KEYS */;
UNLOCK TABLES;
/*!40103 SET TIME_ZONE=@OLD_TIME_ZONE */;

/*!40101 SET SQL_MODE=@OLD_SQL_MODE */;
/*!40014 SET FOREIGN_KEY_CHECKS=@OLD_FOREIGN_KEY_CHECKS */;
/*!40014 SET UNIQUE_CHECKS=@OLD_UNIQUE_CHECKS */;
/*!40101 SET CHARACTER_SET_CLIENT=@OLD_CHARACTER_SET_CLIENT */;
/*!40101 SET CHARACTER_SET_RESULTS=@OLD_CHARACTER_SET_RESULTS */;
/*!40101 SET COLLATION_CONNECTION=@OLD_COLLATION_CONNECTION */;
/*!40111 SET SQL_NOTES=@OLD_SQL_NOTES */;

-- Dump completed on 2026-01-08 17:09:18
